Fecha,Precio/litro Nacional - SIGLeA,Precio/kg. de SU Nacional - SIGLeA,IPC - INDEC CoberNac,"Leche, Productos Lácteos y Huevos GBA -INDEC",IPIM Nivel General - INDEC,IPIM Lácteos - INDEC,DOLAR OFICIAL $/US$,PRODUCCION NACIONAL DE LECHE millones de lts./mes,Producción diaria por tambos NACIONAL,GRASA BUTIROSA %,PROTEINA %,UFC/ml en miles,CELULAS SOMÁTICAS en miles,RELACION LECHE/MAIZ,RELACION VAQUILLONA AL PARIR - LECHE,COSTO,RENTABILIDAD,EXPORTACIONES miles de US$/mes,EXPORTACIONES toneladas/mes,ELABORACIÓN TOTAL,EXISTENCIAS TOTAL,VENTAS TOTALES,LECHE COMUN ENTERA $/litro,QUESO TIPO CUARTIROLO $/kg,YOGUR para beber sachet $/1000 grs,LPE GDT dólares/ton.,Indice de Precios de los Lácteos FAO,Cabezas Novillitos,Precio Promedio Novillitos,Cabezas Novillos,Precio Promedio Novillos,Cabezas Toros,Precio Promedio Toros,Cabezas Vacas,Precio Promedio Vacas,Cabezas Vaquillonas,Precio Promedio Vaquillonas,IPC-Mensual,IPC-Alimentos y bebidas no alcohólicas,Litros,BUENOS AIRES,CORDOBA,ENTRE RIOS,LA PAMPA,SANTA FE,SANTIAGO DEL ESTERO,Salario Tendencia de ciclo,Salario Desestacionalizado,Promedio del sector,Promedio general sector privado,Temperatura_Abrigo_150cm,Temperatura_Abrigo_150cm_Maxima,Temperatura_Abrigo_150cm_Minima,Temperatura_Suelo_10cm_Media,Precipitacion_Pluviometrica,Precipitacion_Cronologica,Precipitacion_Maxima_30minutos,Tesion_Vapor_Media,Humedad_Media,Humedad_Media_8_14_20,Rocio_Medio,Horas_Frio,Unidades_Frio,Sequia,Inundacion,Terneros Precio Promedio,Terneros Cabezas
2017-01-01,4.905,70.32,101.5859,102.1541,136.5459073122438,148.0975723265989,15.9065,812.0,2441.0,0.0338566215013233,0.0336907220737444,110.8466763243049,473.1635682744945,1.857035647279549,4646.0,4.35,0.032,67647.808515,22388.31571,223649.0505422733,165379.0781332574,209904.1839190854,17.51,136.26,26.63,3289.0,98.55019651013876,1178.894736842105,27.54031578947368,668.578947368421,24.65315789473684,146.7368421052632,16.99894736842105,1424.25,16.29415,423.3888888888889,25.21377777777778,1.6,1.3,811988876.4963171,-0.0709535996027589,-0.1055288536993318,-0.1227544208703857,-0.0345103098948358,-0.1569379936865791,-0.1333229431976862,12185.28983235177,12318.22471180571,12901.56422265922,23149.70403280996,26.40456,33.428,19.936,35.0236664,2.41,2.28,1.75,23.9880232,71.88,66.28,20.086504,0.0,-23.0972684,0,0,29.01342105263158,1393.842105263158
2017-02-01,5.02,73.601,103.6859,105.2875,138.8261125213699,154.5106926405719,15.5983,681.6,2254.0,0.0343922225135615,0.0321018176301657,108.1545862126856,495.3962147457021,2.080327868852459,4528.0,4.6,0.024,53642.91905700001,17109.46596,189795.1342570508,160193.7485825859,183812.2680570249,17.95,140.74,27.09,3252.0,99.2263745550868,1438.866666666667,29.87206666666667,803.6428571428571,26.8095,175.9285714285714,18.11742857142857,1416.705882352941,18.22058823529412,497.7333333333333,27.45126666666667,2.1,1.8,681557385.7713027,-0.0857709226824821,-0.0662050204079798,-0.0787459367982478,-0.0915429021461435,-0.0836438890624563,-0.0635005537570269,12381.95936087894,12383.44221631452,12614.10014050419,22287.30297369328,24.431722,31.296,19.1,43.5092148,5.98,6.12,2.72,24.008296,80.32,76.12,20.162688,0.0,-22.5959476,0,0,30.591333333333335,1479.9333333333334
2017-03-01,5.15,73.45,106.1476,108.0146,140.1063628474242,155.7965599737579,15.5237,731.7,2149.0,0.0351045011011921,0.0328880926408279,89.64783200702284,505.4636361217732,2.240844463593278,4808.0,4.71,0.025,59388.93507500001,17716.28679,219494.0088395035,147417.4599304292,222104.8711662248,18.12,147.08,27.84,2819.0,100.6262387625508,1549.947368421053,31.85468421052632,751.2,28.58805,132.85,18.8308,1513.65,18.07055,461.8947368421053,29.74442105263158,2.4,2.8,731662211.4918776,-0.0175006746752644,-0.0401281941872968,-0.0583735838952197,0.0105613096714946,-0.0643988728693769,-0.0920185963201841,12588.28124218709,12617.10388103916,12619.89243242148,23420.15373530013,19.789249996634023,27.14160711587831,13.323029294644645,25.009899188175176,2.1591285906768936,1.9862515916768888,0.8686131775015763,17.544472620547882,75.09817537966545,71.24246473576795,14.351793284608014,1.1306662919815518,-12.487603744794168,0,0,31.796499999999998,1381.5
2017-04-01,5.26,71.02,108.9667,113.7921,140.7543499506901,161.4446779800035,15.36,710.9,2189.0,0.0363371384923985,0.0336482948922749,85.52108724136751,456.9012138641659,2.267237687366167,4688.0,4.72,0.03,46684.370714,13985.48224,182692.8179127064,138999.9117870767,175118.0387714616,18.73,151.18,28.3,2961.0,100.0443811980385,1423.5,33.1999375,1008.2,29.83453333333333,143.9375,19.120875,1840.625,17.585125,524.3333333333334,31.21753333333334,2.7,2.2,710915060.5735115,-0.0059738914776033,0.0150494300096629,0.0321392377329544,-0.0513822416946698,0.0167667098087405,0.0246431804209756,12822.49378537456,12857.14348524611,12819.06985995483,23056.48526277301,17.17187157894737,24.58421052631579,11.1,38.6845147368421,1.5,1.5,0.6578947368421053,14.65209310526316,77.10526315789474,73.3157894736842,12.36119552631579,0.3494735263157895,-8.719370947368422,0,0,34.347375,1253.1875
2017-05-01,5.41,74.71,110.5301,116.5728,141.9612280349869,164.3587657701035,15.6981,782.0,2228.0,0.0362746256177133,0.033883421211867,84.96477384461542,437.8689217923521,2.295081967213114,4762.0,4.74,0.039,49337.699241,15440.81713,207967.9998369691,131924.2763971464,199801.4174943021,19.3,155.29,28.92,3273.0,104.8306998854173,1109.3,33.087,854.8,29.61535,143.1111111111111,16.92561111111111,1854.55,15.8291,522.5,30.59545,1.4,1.3,782040425.2164196,0.0295721408521814,0.0794564192617951,0.0142757865206738,0.0340872942942638,0.0490347333338225,0.09575328726438,13079.35109154469,13132.29962326465,13059.6853457145,23275.42787150114,16.09791774193549,21.63225806451613,11.55483870967742,37.39347258064517,1.451612903225806,1.451612903225806,1.120967741935484,15.83916548387097,86.93548387096774,83.90322580645162,13.50326735483871,0.760386870967742,-5.858198870967742,0,0,34.71535,1208.75
2017-06-01,5.51,76.83,111.8477,120.7837,144.6168635495654,166.3950118671657,16.1166,795.6,2413.0,0.0358907608339725,0.0336973549935475,79.47487138902896,406.4359492251107,2.471111111111111,4496.0,4.7,0.047,57362.904528,17872.70706,208689.3388087159,119756.4765653091,202667.833693,19.66,158.09,29.14,3083.0,109.6562266913048,894.6842105263158,33.70452631578947,835.7222222222222,30.23511111111111,129.0526315789474,16.46089473684211,2106.611111111112,16.35244444444444,532.2222222222222,30.707,1.2,0.9,795646951.9203427,0.0265202665124422,0.0324851882817183,0.0889668504783591,-0.0163755904378361,0.0903015721473539,0.04228769561768,13326.15722516029,13387.30126149266,18482.34691255259,34215.97754404874,14.03645896428571,21.62142857142857,7.957142857142857,34.43331428571428,0.25,0.1875,0.1071428571428571,13.23524696428571,79.03571428571429,75.78571428571429,9.948163321428572,3.385213892857143,-2.166898885714286,0,0,35.01447368421052,1076.1052631578948
2017-07-01,5.56,78.76,113.7852,122.983,148.311344172517,169.9498493594889,17.169,861.4,2547.0,0.0352896361417948,0.0330441340796966,86.46189230615354,400.257504864424,2.340425531914894,4724.0,4.85,0.038,64401.676248,19447.33585,226926.3816007425,127975.0406189571,201589.0369087332,20.18,161.16,28.78,3113.0,113.895556984854,957.0526315789474,34.00094736842105,810.9473684210526,30.49936842105264,141.5,19.101,1702.15,19.19335,487.578947368421,31.56910526315789,1.7,1.1,861420344.386807,0.0244642518916145,0.0548837297334101,0.0793036125764851,0.0225381492466211,0.0696728035670396,0.0365031370617958,13536.73314727219,13639.07785607482,13360.24831538393,24880.92844593604,14.34633872727273,22.10454545454545,8.55909090909091,34.53636636363637,0.7727272727272727,0.7727272727272727,0.5454545454545454,12.54795072727273,76.54545454545455,73.22727272727273,9.35555593181818,2.829545818181818,-2.535275161363636,0,0,35.01657894736842,1168.3157894736842
2017-08-01,5.61,80.5,115.3819,123.9151,151.1572921485248,170.2639383241217,17.4165,911.1,2728.0,0.0346289615325306,0.0327541827805913,83.8647911039577,387.9252016144685,2.450302506482282,4850.0,4.95,0.036,68987.485746,22466.34561,244948.633857886,134305.1225958545,218343.9635759676,20.34,160.92,30.16,3149.0,116.8934882672516,1009.947368421053,34.53173684210526,792.6111111111111,31.93127777777778,173.8333333333333,21.29527777777778,1861.210526315789,21.56584210526316,427.5555555555555,31.44283333333333,1.4,2.1,911066936.8906168,0.0707618011386449,0.0710769890862624,0.0356918038759431,0.0816528774049845,0.0520200895234706,0.0495474871073766,13739.34109568095,13776.00470709431,13591.75832612239,24911.78234644883,15.51142307692308,22.78846153846154,9.669230769230769,36.58023346153846,2.413461538461538,1.913461538461538,1.240384615384615,14.05852173076923,79.03846153846153,75.26923076923077,11.31270757692308,1.289691846153846,-5.225812218867542,0,0,35.13755,1204.95
2017-09-01,5.63,82.44,117.5719,124.935,152.6686030233649,173.6212358834189,17.2465,938.9,2946.0,0.0345164641703398,0.0328251166337505,91.11816235016596,363.8885184806723,2.453138435081685,4991.0,5.01,0.033,74450.0,22673.57589,224003.9695547032,139761.5852453319,210335.5132351333,20.59,163.27,30.23,3111.0,118.3996848364948,1120.055555555556,34.64355555555555,764.8888888888889,30.93294444444444,185.8888888888889,22.04955555555556,1630.894736842105,22.56836842105263,358.8421052631579,31.11573684210526,1.9,1.8,938864295.5237242,0.0580135108444252,0.0625446978347325,0.0307695388636905,0.0598754433348495,0.0879740971786792,0.1047135622003095,13996.01542370362,13972.39147926339,13573.16669289261,25118.44569767681,15.77993315789474,23.02105263157895,9.878947368421052,44.08979105263158,1.723684210526316,1.710526315789474,0.6052631578947368,14.52676,81.3157894736842,77.3157894736842,12.12793173684211,0.489263052631579,-5.067372252631579,0,0,34.505526315789474,1317.3157894736842
2017-10-01,5.66,82.43,119.3528,125.1418,154.9105620369849,174.6590950068182,17.4528,991.0,2977.0,0.0342818757087547,0.0326772269284606,93.83679997732644,374.7753809703865,2.429115531104528,4965.0,5.12,0.023,82937.86989,25703.075706,236329.3359421554,153498.6961962254,209517.9400849815,20.58,161.66,30.9,3026.0,115.367846233177,980.05,34.2142,583.55,31.01585,205.8,21.9227,1615.9,22.39455,391.45,30.87735,1.5,1.5,990975346.0812804,0.0299883125881121,0.0212648476709302,0.0369305239186749,0.0247360051542616,0.0013470647631657,-0.0067777085198312,14317.35747806848,16367.46362015693,16674.14467200406,25836.75571874979,18.9538536,25.928,12.624,47.867292,4.29,4.23,2.56,15.6469444,73.2,67.72,13.26698264,0.21911992,-13.71492948,0,0,34.13865,1478.35
2017-11-01,5.69,83.68,120.994,126.9029,157.3028691100986,175.8337925028439,17.4925,951.5,2973.0,0.0339796354792394,0.0322157138545845,93.10495484760337,384.7986536162524,2.403846153846154,5043.0,5.15,0.022,82215.927786,25492.258278,227548.1588137967,161925.3637759521,206428.2211038633,21.04,163.96,31.79,2815.0,111.3747396274637,1074.5,33.72905,598.15,30.81745,173.2,21.74965,1612.25,22.38185,459.65,30.1368,1.4,1.2,951494714.1438744,-0.0246642453869167,0.0046128905260132,-0.025744910812403,-0.0557866247003438,-0.010843456130631,-0.0226738388765476,14677.71027639487,14754.2210561257,15201.42126115757,26075.65253657465,23.87761333333333,32.93333333333333,15.7,32.56527666666667,9.25,0.0,0.0,16.03352,57.33333333333334,48.66666666666666,13.86798666666667,0.0,-20.99902666666667,0,0,34.02685,1452.15
2017-12-01,5.71,84.98,124.7956,127.6933,159.8857135364041,177.6064525216686,17.7001,929.8,2852.0,0.0337933591302281,0.0319686531431982,105.1034015764483,417.6558654520705,2.265258215962441,5009.0,5.22,0.018,69294.264054,23256.17655,219426.9425707631,157215.6243874183,200730.1604174212,21.12,159.84,32.33,2793.0,107.2698327287013,1159.888888888889,33.45455555555556,628.4444444444445,29.92083333333333,159.7777777777778,20.06372222222222,1497.222222222222,19.63838888888889,412.6470588235294,30.25717647058823,3.1,0.7,929845053.8576424,-0.079300110522702,-0.0492646886940168,-0.0440655196998337,-0.0572138462334723,-0.0357734927914922,-0.0494175669297562,15037.65153976037,15321.11156950115,22670.29443035229,38563.67721876944,25.22464290322581,33.11290322580645,18.02903225806451,25.25703483870968,3.07258064516129,3.080645161290323,1.516129032258065,19.14835258064516,63.38709677419355,57.2258064516129,16.47850587096774,0.0,-22.69918935483871,0,0,33.77616666666667,1415.7777777777778
2018-01-01,5.72,85.96,126.9887,129.2001,167.1908680259102,178.8101832117846,19.029,884.6,2749.0,0.0338085844515943,0.0320459151607854,95.30211150851564,411.7400095129853,2.015288394718554,4569.0,5.27,0.016,71684.0,22755.0,235338.5866122041,163150.392023325,205185.4589512641,21.23,160.02,33.01,2948.0,105.9981439767852,1104.85,33.16495,662.45,30.1424,176.8333333333333,21.68661111111111,1420.238095238095,20.98242857142857,429.8947368421053,29.90042105263157,1.8,2.1,884626918.1420213,-0.0617722731312218,-0.0496311801508363,-0.1981821288453662,-0.0248026543786395,-0.0384684085839381,-0.0726792781532676,15361.46379296754,15275.93427684631,16030.14829687832,28795.13918853513,25.72629967741936,33.68064516129032,18.10645161290322,26.20150161290323,1.032258064516129,1.032258064516129,0.7258064516129032,19.06762419354839,61.83870967741935,54.83870967741935,16.50450451612903,0.0,-22.46625354838709,0,0,33.77836842105263,1406.421052631579
2018-02-01,5.760880218920249,85.96,130.0606,130.766,175.2954713972755,181.41501806761,19.8409,741.3,2569.0,0.0343119068821767,0.0322696215871567,83.39961473578401,415.6495992470623,1.801912989817957,4368.0,5.6,-0.001,62940.0,20597.0,208393.6898584233,159309.1522589228,199170.7163225828,21.46,161.48,32.73,3236.0,108.7571920463817,1429.125,36.3769375,834.375,32.3770625,190.1333333333333,20.58886666666667,1736.6875,21.5605625,484.5,33.7473125,2.4,2.2,741303088.0815912,-0.050708867213245,-0.076771834115127,-0.0676758751507645,-0.0519960862414486,-0.0761953485370159,-0.124120992026535,15630.14452021841,15742.59806251327,15955.92456879891,27724.87841112684,25.81106035714286,34.33571428571428,18.01071428571429,26.49183892857143,0.9642857142857144,0.9642857142857144,0.5446428571428571,18.67258964285714,59.92857142857143,53.0,16.10882928571429,0.0,-21.74602535714285,0,0,35.682249999999996,1443.9375
2018-03-01,5.938018727729998,85.04761697053947,133.1054,134.7596,178.6884352816089,183.8539048355586,20.2378,809.9,2517.0,0.0357131367403499,0.0329342500212526,74.69283929650213,389.983758592603,1.742906774753908,4618.0,6.07,-0.002,71915.0,23325.0,224750.599044493,148815.8248257499,221364.1479161207,21.57,165.69,32.96,3229.0,111.2931873917287,1261.0,34.55170588235294,787.7058823529412,30.92982352941177,146.5555555555555,19.52661111111111,1804.0,18.13294444444444,519.375,31.7845,2.3,2.3,809862123.8612063,0.0211674972963234,-0.0233846480888628,-0.036075417434734,-0.031222649454858,-0.0425500296483617,-0.09920381782905,15873.22123845679,15993.53315974661,16004.89972915159,29174.53625061565,22.06518903225806,31.09677419354839,13.78387096774194,23.63093677419355,0.4516129032258064,0.4516129032258064,0.3387096774193548,16.04080574193548,61.67741935483871,56.2258064516129,13.27097612903226,0.1981290322580645,-17.08730869677419,0,0,35.64423529411765,1207.764705882353
2018-04-01,6.12,85.68,136.7512,140.0406,181.8925388769282,189.4222494986782,20.2349,775.7,2474.0,0.0362869327352867,0.0328049056093502,87.97796372759738,382.4095802659516,1.697235149192445,4919.0,6.27,-0.003,68739.0,22936.0,211780.9929875209,142993.7637054278,200517.6748728373,22.0,166.74,33.08,3295.0,109.9883125803727,1106.705882352941,34.27188235294118,762.1176470588235,31.252,138.1764705882353,20.13258823529412,1723.055555555556,18.32872222222223,516.8125,32.1388125,2.7,1.2,775703507.4169037,-0.0122552233888385,-0.0191936692244437,-0.0021510295057629,-0.0116747075579359,-0.0220482483750962,0.0037624439126637,16124.96465093066,16157.65138523238,16090.75339766268,29146.48104346625,23.11793933333333,29.71,18.08,23.61581,3.358333333333333,3.35,1.491666666666667,22.37714066666667,80.56666666666666,77.86666666666666,19.00846033333334,0.0,-21.84009363333333,0,0,35.631882352941176,1188.6470588235295
2018-05-01,6.320390992791338,87.26,139.5893,143.2863,195.5504101706883,192.5058058196906,23.6687,798.2,2446.0,0.0365073650927266,0.0328965195878893,90.59797235432605,415.9693842950521,1.498013554568824,4805.0,6.54,-0.007,71569.0,23670.0,234427.8361167093,144905.3079631624,209802.4316483398,22.02,170.04,33.46,3229.0,111.4192791224288,1132.421052631579,37.40615789473684,804.6666666666666,34.69388888888889,148.1578947368421,22.36731578947368,2083.315789473684,22.147,510.1578947368421,34.68568421052632,2.1,3.3,798199582.0192599,-0.0094988012645776,-0.0173029946373898,0.0164517752371899,-0.0245712891101518,-0.0053607928944802,0.1060227313653091,16405.69870896917,16357.80541585212,16162.46847707091,29453.37565882776,16.65737586206896,22.06896551724138,12.15862068965517,19.36688206896552,3.431034482758621,3.448275862068965,1.474137931034483,16.54115851724138,85.6896551724138,83.10344827586206,13.76366217241379,1.133378896551724,-8.901045931034483,0,0,38.74325,1177.8
2018-06-01,6.745734670269771,90.04497583273552,144.8053,148.4525,208.3243495862514,200.8760518706044,26.5342,833.7,2616.0,0.0376182139793716,0.0341716365147833,72.80811612408688,400.6597290221641,1.612297582727059,4076.0,6.88,-0.002,71158.0,22697.0,205324.0347487958,136779.1778344785,193514.8795015793,22.8,177.22,34.09,3197.0,112.2805640522371,1028.947368421053,40.68036842105264,752.3157894736842,37.48021052631579,179.5,22.68455555555555,2282.8,21.9648,478.0526315789473,36.26847368421053,3.7,5.2,833671340.542165,0.0289973307304071,0.0778064873558464,0.0954070833795132,0.0021026897534426,0.087928872818296,0.1236123399328632,16730.78617786737,16883.60918326825,23185.59554048189,42512.1818873603,11.23017037037037,18.71111111111111,4.962962962962963,13.33310185185185,0.1574074074074074,0.1574074074074074,0.0648148148148148,10.62937959259259,78.62962962962963,74.37037037037037,7.093327322222223,6.689186740740741,5.6808937,0,0,41.02321052631579,1086.6842105263158
2018-07-01,7.12,94.32607069669308,149.2966,151.918,218.1809242195584,204.9535774050505,27.6247,897.0,2766.0,0.0374509492042883,0.033910112210638,71.81073761712686,387.6998722170471,1.687645687645688,4213.0,7.38,-0.007,82977.0,26802.0,219564.6176743384,135098.9698151078,200863.7374739083,23.02,180.23,35.2,2939.0,110.1286617001,895.2,41.96715,789.6315789473684,38.59257894736842,129.9,23.72415,1797.761904761905,23.79909523809524,545.1111111111111,38.38366666666666,3.1,4.0,897002237.3587312,0.0082780759548449,0.0549260030987208,0.0245924453430763,-0.0280085439182026,0.0710146864329359,0.0932307200290946,17124.90507336935,17177.2039763455,16711.30535153555,30591.83637160002,11.07820680952381,17.66190476190476,5.652380952380953,12.55601761904762,0.7857142857142857,0.119047619047619,0.0833333333333333,10.6414320952381,80.80952380952381,78.0952380952381,7.289364171428572,5.011619,7.628099380952381,0,0,43.719210526315784,1058.7894736842106
2018-08-01,7.41,105.69,155.1034,157.0051,228.8591693496052,211.4532574124624,30.1245,947.5,2925.0,0.0375,0.0335,80.0,379.0,1.638024798781814,4050.0,7.6,-0.003,82743.0,26289.0,226061.2961702948,130129.0435322314,186292.9041823694,24.04,185.16,35.87,2921.0,108.4579526876405,1127.705882352941,43.98305882352941,855.4705882352941,40.86235294117647,185.3888888888889,28.45272222222222,2512.9,28.5951,572.0588235294117,39.91811764705882,3.9,4.0,947517263.3913164,0.0539919580692088,0.0499891777252046,0.0729299600550852,-0.0277300897286404,0.0674705078937732,0.0787398083272017,17573.9601203366,17191.96935477987,17065.05352056598,31293.17047671858,11.7588658,20.53333333333333,4.39,12.50791733333333,0.9,0.725,0.3,9.9755693,72.93333333333334,69.06666666666666,6.24208864,5.771267966666667,3.86503574,0,0,44.43858823529412,1495.235294117647
2018-09-01,7.922530551848605,115.136640967576,165.2383,168.6808,265.5738589612281,228.4452514368421,38.59,974.1,3069.0,0.0361,0.033,81.0,363.0,1.5499712257817,4270.0,8.27,-0.008,86790.0,27725.0,235887.9190507425,133974.8243050385,192083.6513903488,25.51,196.07,38.43,2794.0,108.2918585657829,1076.882352941177,48.28717647058824,575.3333333333334,45.3,202.9444444444445,33.19872222222222,1927.684210526316,35.45163157894737,455.0,43.17194117647059,6.5,7.0,974134641.1090842,0.0844864410671655,0.0268261259842195,0.0705037645939962,0.0327228930332927,0.0522657211311317,0.0141415169863727,18058.47374560955,20223.30608021989,19815.83283940724,32034.89541287356,19.00316103448276,26.3896551724138,12.62758620689655,17.89571517241379,0.5086206896551724,0.5,0.3017241379310345,16.79335827586207,77.13793103448276,74.13793103448276,14.28905386206897,0.4121377931034483,-12.85070055172414,0,0,47.513,1432.7058823529412
2018-10-01,8.42,123.27,174.1473,179.4351,273.6056583690321,240.2296066016789,37.1202,1011.4,3094.0,0.0358,0.0331,79.0,361.0,1.746644977633184,4144.0,8.72,-0.006,111811.0,37482.0,241056.6383406921,129242.1970630022,202679.5959907004,27.47,209.79,42.45,2741.0,102.8037264494405,953.4761904761904,45.62780952380952,516.6190476190476,43.85538095238095,215.6666666666666,34.17333333333333,1691.818181818182,33.69486363636364,479.8,41.85125,5.4,5.9,1011525356.592934,0.0016000569530078,0.0181639098258626,0.0197592720255319,-0.055905708681787,0.0016750135719196,-0.0459535556367586,18610.55186386774,18689.00983902968,19309.71300856857,33586.96373429442,18.73028774193548,25.76451612903226,12.54838709677419,19.61254516129032,3.088709677419355,3.096774193548387,1.475806451612903,15.32866070967742,72.19354838709677,66.70967741935483,12.78865516129032,0.1767096451612903,-12.60797835806452,0,0,45.5159,1558.5
2018-11-01,8.93,131.1992078779382,179.6388,191.0637,273.8989290775265,248.8562672841816,36.459,942.6,2939.0,0.0354,0.033,119.1484759721583,438.4113235947137,1.902276049279599,4336.0,9.26,-0.012,117423.0,40667.0,220922.3402259906,122647.0,189941.0,28.03,215.58,46.18,2627.0,99.99313476222773,1055.5,45.26355555555556,452.1,43.12205,172.7,34.73975,1609.1,33.8678,461.2222222222222,41.06588888888889,3.2,3.4,942600000.0,-0.0457398430508327,-0.0380263617379563,-0.0680184571893208,0.0050729817932059,-0.0563156206216285,-0.0404717681574606,19221.12870201898,19289.64620669826,19867.78262468057,35225.64231990577,22.21604266666667,29.04333333333333,16.29333333333333,22.70648133333333,10.64166666666667,10.63333333333333,4.025,19.08953933333333,73.56666666666666,68.66666666666667,16.36677283333333,0.0,-19.6876221,0,0,44.20078947368421,1590.2631578947369
2018-12-01,9.28,137.5106430229399,184.2552,197.8399,277.3993529463231,255.7418788070093,37.8852,910.6,2807.0,0.0349707969883923,0.0324712586940036,122.136671336492,422.896922555501,1.727798521121604,4025.0,9.36,0.003,108588.0,38709.0,210230.4720119992,116725.0,182187.0,29.56,222.86,48.29,2671.0,97.84823706343602,1223.5,47.848,553.1764705882352,43.65141176470588,173.1666666666667,33.94761111111112,1661.111111111111,31.84883333333333,531.6111111111111,43.56838888888889,2.6,1.7,910557974.5146585,-0.0469011497253942,-0.0451429229619856,-0.0633590777102698,-0.0133817652328207,-0.0514551444894593,-0.0504087959490388,19858.11875803761,19863.51027471815,29293.32413274443,51732.16898481005,24.09599161290323,31.28387096774193,17.7741935483871,24.33855258064516,2.701612903225806,2.709677419354839,1.411290322580645,21.40162290322581,72.45161290322581,66.74193548387096,17.97239,0.0,-21.51576709677419,0,0,48.030277777777776,1568.611111111111
2019-01-01,9.63,142.5677040624818,189.6101,204.4208,278.9789497959669,265.5285835954608,37.4069,819.9,2517.0,0.0355821461307291,0.0324208328394587,110.3054457648462,419.0061358613818,1.772448611611972,3510.0,9.6,0.001,77366.09046,27616.80477000001,214276.4887098026,105630.0,186721.0,31.92,232.35,49.89,2741.0,100.94697874527,1394.470588235294,54.76764705882353,769.9411764705883,51.34317647058824,203.3333333333333,36.5035,2124.842105263158,36.69784210526316,623.9411764705883,49.95794117647058,2.9,3.4,819920899.7959726,-0.0921872442536629,-0.1110852273298899,-0.1401181763734786,0.0174915440157672,-0.1277390015898535,-0.1405771114051476,20541.08503356719,20793.29485514397,21886.85732139976,39454.58071799599,24.82748580645161,30.38064516129032,20.29677419354839,26.12896548387097,6.725806451612903,6.725806451612903,3.306451612903226,26.96223129032258,86.35483870967742,83.61290322580645,22.06154741935484,0.0,-23.05528677419355,0,0,54.683470588235295,1571.3529411764705
2019-02-01,10.45,153.7127478472086,196.7501,210.7294,288.3634789978899,281.4310760661376,38.4086,668.3,2241.0,0.0356999999999999,0.0327999999999999,98.57529621196925,452.0157562323127,1.971073613944001,4282.0,9.71,0.03,72130.19163,24692.38734,188018.9659336492,99600.0,171107.0,32.52,250.59,50.8,3025.0,103.7642895416886,1235.8125,63.0445,737.625,59.4320625,210.3333333333333,39.03406666666667,1925.166666666667,37.43994444444444,753.3846153846154,61.03507692307692,3.8,5.7,668290919.9942639,-0.0867350663989509,-0.110908744317763,-0.1008033013587491,-0.0542637216751154,-0.117182148971849,-0.1440215985426701,21301.73368788661,21196.53742182676,21356.02720661541,38365.91604121781,23.7888125,30.21785714285715,17.80714285714286,25.82924142857143,2.125,2.125,1.4375,23.15129607142857,79.21428571428571,75.03571428571429,19.45837035714285,0.0,-20.98123821428572,0,0,65.24284615384616,1498.3076923076924
2019-03-01,11.76,167.4046131927453,205.9571,225.6359,300.2045079752881,301.5685339623191,41.3624,745.5,2273.0,0.0367,0.0341,85.27805177144904,431.8454347227425,2.131583614115978,3644.0,9.93,0.0678,61528.3893,20521.78734,204128.1477638415,98328.0,181772.0,34.84,272.62,55.23,3252.0,105.6475341196449,1392.333333333333,63.9532,728.4375,59.8893125,201.625,37.2924375,2608.6875,35.8028125,671.0625,58.9885625,4.7,6.0,745502227.9659461,0.0205359704283489,-0.0086231417359343,0.0403340209744215,-0.0393704514105709,-0.025937163584798,-0.0308784759920932,22125.03951650616,23573.30681824156,23579.07760748099,41439.23097593662,20.68579741935484,27.09677419354839,15.39677419354839,23.50898387096774,3.330645161290323,2.145161290322581,0.5645161290322581,20.63447548387096,84.61290322580645,81.38709677419355,17.64651129032258,0.0,-17.57727548387097,0,0,64.94453333333334,1727.5333333333333
2019-04-01,13.32,187.446605565093,213.0517,241.4468,313.9611753726114,326.7399520242287,43.2338,736.9,2318.0,0.0371,0.0346,80.33465941924678,406.2822175301163,2.372733612273361,4100.0,10.89,0.0699,51472.19197,17578.15523,195585.1997981787,95541.0,183071.0,37.98,306.89,57.14,3278.0,106.1280062102276,940.6875,63.6098125,542.9375,59.51525,144.7058823529412,38.14835294117648,2663.529411764706,36.72205882352941,765.3333333333334,58.19333333333334,3.4,2.5,736863109.7733406,0.0302499183153918,-0.0473583805362983,-0.0307977510786086,0.0219219112876853,0.008695589560739,-0.0318158037421405,22974.57406881619,23168.62961903217,23020.06132535138,41133.9884265174,19.34215233333333,25.68666666666667,13.90333333333333,21.29344866666666,3.6,4.825,1.166666666666667,18.78895133333333,84.56666666666666,81.03333333333333,16.14947433333333,0.0,-14.56927933333333,0,0,62.661142857142856,1395.857142857143
2019-05-01,14.54,203.5438753726399,219.5691,259.5312,329.4934559466275,347.3430607239384,44.9332,784.9,2378.0,0.0367197404603357,0.034182106798488,89.27366839433213,443.6150567620924,2.319837423792403,4094.0,11.42,0.084,48577.82919,16185.84661,218292.854176136,106927.38737,193747.0,41.76,335.15,63.26,3215.0,106.5928409895098,1380.555555555556,64.27994444444444,669.7058823529412,60.48841176470587,195.421052631579,41.27015789473685,3177.0,39.43765,1819.882352941177,60.6105294117647,3.1,2.4,784885780.8026069,0.0468975220711248,0.0279520874269384,0.0317990802923885,-0.0252141728085293,0.026734324538817,0.0104989827162052,23852.96556465196,24010.04831812656,23644.03365329614,42462.10016139577,16.05022107142857,20.92142857142857,11.99642857142857,18.06157214285714,2.767857142857143,2.758928571428572,0.7053571428571429,17.40089821428571,93.96428571428572,92.35714285714286,14.88813167857143,0.5039283928571429,-6.479934399999999,0,0,185.10390383941345,1125.6349445640762
2019-06-01,15.15,214.4,225.537,274.6849,334.9402343495996,352.5096633426015,43.7894,807.9,2530.0,0.0361541220424773,0.0338824112747467,91.47059290875438,433.3683930277568,2.212973593570609,4468.0,12.15,0.079,49724.97315000001,15712.78657,201615.074218447,112823.0,182140.0,41.76,338.3,66.01,3072.0,102.8910844472602,1327.6875,64.520875,660.375,60.6845625,149.5,42.2078125,2339.235294117647,40.48005882352942,1500.882352941177,61.70605882352941,2.7,2.6,807915920.6460427,-0.0047566321786114,0.0400925006294986,0.060864849552978,-0.0380342830410599,0.0371469746897349,0.0978654297190811,24782.22780429368,24719.84196824797,33726.08281974571,61343.26937996325,14.81520217857143,20.725,9.975,15.83184535714286,0.5892857142857143,0.5982142857142857,0.4017857142857143,15.34136467857143,88.78571428571429,86.07142857142857,12.56492146428571,1.760785214285714,-3.613467714285715,0,0,185.10390383941345,1125.6349445640762
2019-07-01,15.31,218.3502532686622,230.494,282.0669,335.1985972038125,361.0801661168906,42.5434,897.4,2756.0,0.0350307215667063,0.0329614225089872,95.47530265393785,468.1668115420634,2.475766724932464,4461.0,12.19,0.083,61674.39053999999,19361.28344,221281.3683526012,118952.0,184898.0,43.1,343.71,66.86,3022.0,101.0642111777399,1375.888888888889,63.76361111111112,821.3333333333334,60.55106666666666,259.3529411764706,46.75523529411765,2621.263157894737,43.19342105263158,1708.6875,61.9033125,2.2,2.3,897366475.769946,0.0480949045354274,0.0877443935811436,0.0888756086898594,0.062061810633567,0.0888005574897692,0.1019362379819211,25785.53100541274,25698.95983550417,24830.97505505113,45090.72499554641,12.27404796296296,19.72962962962963,6.048148148148148,13.21247296296296,0.0277777777777777,0.0277777777777777,0.0277777777777777,12.08879766666667,82.85185185185185,80.22222222222223,9.073402185185184,4.445111296296297,3.894853537037037,0,0,185.10390383941345,1125.6349445640762
2019-08-01,15.38,220.52,239.6077,290.0363,372.7857902776771,371.9279689712743,52.7271,967.1,2994.0,0.035990676481465,0.0340707382102942,74.3803744453125,372.8651134887532,2.35373740412092,5527.0,13.9,0.033,75579.52342,24249.86642,206209.0921989405,131118.0,191742.0,43.61,352.33,68.03,3070.0,100.2996521292163,1493.833333333333,66.71572222222223,916.1428571428572,65.36171428571429,221.625,54.1240625,1941.35,51.7596,1881.0625,66.0906875,4.0,4.5,967051832.593328,0.0910841202638898,0.0692669635027969,0.0694945215033908,0.0102749319850458,0.0849994752148901,0.1143991635008054,26836.1497014477,27008.12402596229,27019.85689752459,46149.95270270005,12.9859717,20.44333333333333,6.430000000000001,13.469259,0.3416666666666667,0.225,0.2083333333333333,11.8793916,78.2,74.53333333333333,8.6809257,4.487533066666667,1.665532736666667,0,0,185.10390383941345,1125.6349445640762
2019-09-01,15.72,226.29,253.7102,294.5778,388.3209337349432,386.6306365065275,56.5014,986.5,3136.0,0.0355100775244923,0.033958814765289,86.64048798258064,354.9175948555379,2.224540901502504,4690.0,14.21,0.032,78832.48282,25590.81863,210450.525348492,147867.0,179945.0,43.68,368.79,68.2,3105.0,99.63812689323936,1618.235294117647,66.50794117647058,800.2666666666667,65.6546,229.3529411764705,56.06588235294117,1706.388888888889,52.56172222222222,1670.25,63.59675,5.9,5.7,986532787.2307358,0.0486986134253798,0.0389552918230233,0.0724016361849206,0.0448134831667906,0.0668852930337577,0.0626605371021977,27792.96311761265,28551.80195387538,28266.46173917366,47494.73954575277,15.2949084,22.82333333333333,8.37,15.94067033333333,2.416666666666667,2.416666666666667,0.575,12.7660933,73.06666666666666,69.16666666666667,9.828900033333332,1.9034662,-2.539802336666667,0,0,185.10390383941345,1125.6349445640762
2019-10-01,16.11,235.39,262.0661,304.594,402.3452799605989,404.6724222189779,58.5308,1021.0,3111.0,0.0354665299353233,0.0334525067110155,74.21028581028241,346.5611549055156,2.104588567034094,5024.0,14.6,0.032,117909.46177,36665.14528,216492.0966519671,149556.0,197643.0,43.7,373.2,73.63,3137.0,100.8202231863725,1610.4,72.3032,691.7777777777778,68.9446111111111,204.8888888888889,60.59916666666667,1558.842105263158,57.28831578947369,1870.842105263158,69.03542105263158,3.3,2.5,1020661279.209496,-0.0236407878288215,0.0009445771208622,-0.0096596386615635,0.0297778225864016,-0.0164063272687348,-0.0272984617571703,28546.76969709073,28848.41423072991,30158.26924647489,51085.49216438733,19.16461933333333,25.9,13.30666666666667,19.062464,1.125,1.133333333333333,0.4416666666666666,17.61620766666666,80.5,76.5,15.0698736,0.2047333,-12.0433118,0,0,185.10390383941345,1125.6349445640762
2019-11-01,16.43,244.07,273.2158,309.0475,424.0279008516494,414.0793065426477,59.7381,961.4,3028.0,0.0350253330848553,0.0328340931004106,83.03980519039925,362.8356117956705,1.916523727844483,5251.0,15.16,0.027,114987.73327,36304.6016,202079.0,141179.0,188181.0,44.85,368.01,77.72,3288.0,102.4534844974058,1779.578947368421,78.66368421052631,827.5882352941177,76.089,221.578947368421,69.4552105263158,1951.9,63.3608,1855.684210526316,76.62415789473684,4.3,5.3,961351520.8455176,-0.0252575274197223,-0.0218682903504911,-0.0729417286807258,0.0010319778927256,-0.0497604402670235,-0.0658369658433538,29154.47335351337,29158.78107352457,30014.11403891012,51307.77588654591,23.72632666666667,31.02666666666666,17.20666666666667,22.72604,4.058333333333334,4.058333333333334,2.016666666666667,20.66495766666666,73.8,67.96666666666667,17.7223828,0.0,-22.07249333333333,0,0,185.10390383941345,1125.6349445640762
2019-12-01,16.82,248.93,283.4442,315.3321,439.656650804617,427.9544312796949,59.8832,946.6,2934.0,0.0349717553396834,0.0330060081402543,84.23093676782838,377.4987629056166,2.029603315571344,5397.0,15.44,0.0281,118211.31734,38739.33055000001,194732.0,141503.0,176159.0,46.38,373.91,82.04,3215.0,103.5429523928164,1714.85,86.7683,574.421052631579,82.57605263157895,172.3333333333333,68.94194444444445,1553.947368421053,61.72989473684211,1651.35,84.8764,3.7,3.1,943591945.7060224,-0.0651662229526001,-0.0258043190293156,-0.046140704371548,-0.0183204436508398,-0.0234314174004995,-0.0082513493703709,29749.15288982724,29739.61004902384,43695.68851273767,76103.15136406099,24.60667580645161,31.96129032258064,17.77096774193548,23.4609764516129,4.959677419354839,4.959677419354839,2.080645161290323,19.95477806451613,66.7741935483871,60.61290322580645,16.81481561290322,0.0,-21.57734806451613,0,0,185.10390383941345,1125.6349445640762
2020-01-01,17.26,254.29,289.8299,332.7137,446.276657286322,432.7449722937158,60.011,864.9,2701.0,0.0352,0.0329,90.0,406.0,1.939180255619216,5000.0,15.7,0.0317,107588.0,33500.0,193406.0,136180.0,176362.0,50.25,383.77,92.17,3192.0,103.8447939332694,1545.611111111111,87.80666666666667,849.2666666666667,83.16526666666667,184.2352941176471,65.08605882352941,1326.1,58.3021,1853.35294117647,85.57682352941177,2.3,4.7,864875614.7408258,-0.0789663648332683,-0.079168598170386,-0.0866697001328576,-0.0613152467253071,-0.0926654438021624,-0.1078296394458104,30451.43592420326,30542.24296810712,32110.66811953052,59174.55358271618,25.461486,31.99,19.27666666666666,26.37761666666666,0.7333333333333333,0.5083333333333333,0.2833333333333333,23.95071266666667,75.03333333333333,70.46666666666667,19.96837833333333,0.0,-22.89419466666667,0,0,185.10390383941345,1125.6349445640762
2020-02-01,17.84,260.29,295.666,336.7935,451.2612360666303,439.5156452103385,61.3484,771.2,2550.0,0.0357,0.0334,82.0,447.0,2.055274337883033,4838.0,15.75,0.041,92279.0,28589.0,180759.0,139649.0,165502.0,49.2,391.97,94.96,3003.0,102.8515643092366,1614.8,92.64073333333332,792.3571428571429,85.31828571428572,168.2142857142857,65.29914285714285,1634.25,60.79675,1763.0,91.53807142857144,2.0,2.7,771184929.9455585,-0.0599460545317704,-0.0611607525686323,-0.0534284918322907,-0.0556203236354496,-0.0491351473989638,-0.0572167992615624,34407.89806786877,34675.942522258,34801.47892198481,59859.77266260431,23.76218965517241,30.51724137931035,17.32413793103448,25.5778,4.612068965517241,4.612068965517241,3.112068965517241,23.12003655172414,78.89655172413794,75.03448275862068,19.31968551724139,0.0,-20.72140275862069,0,0,185.10390383941345,1125.6349445640762
2020-03-01,18.08,259.22,305.5515,344.2212,455.5859362071313,451.8863325557833,63.1227,793.7,2477.0,0.0365,0.0338,79.0,430.0,2.132287436511517,4721.0,16.03,0.0395,74697.0,23509.0,201959.0,129007.0,197208.0,49.54,403.35,95.9,2875.0,101.5245629828395,1522.375,97.2546875,937.7333333333332,91.1106,146.0,63.9298,1690.35294117647,57.35623529411765,1368.294117647059,94.19235294117648,3.3,3.9,793669848.194393,-0.0159295224894898,-0.0465448695294965,0.0031784409416566,-0.0767331560718702,-0.0431443349192674,-0.0830258889142423,35548.13648104399,35468.5538707769,35518.43726164987,61896.58072378748,24.42607322580645,31.40322580645161,18.5258064516129,24.64106419354838,4.354838709677419,4.354838709677419,1.42741935483871,23.82042258064516,80.06451612903226,76.19354838709677,20.11970677419355,0.0,-22.64296322580645,0,0,185.10390383941345,1125.6349445640762
2020-04-01,18.22,255.33,310.1243,347.643,449.6845320035906,454.8228370601201,65.762,793.6,2563.0,0.0372,0.0344,71.0,421.0,2.207395249818627,5388.0,16.35,0.0341,64066.0,20849.0,225793.4360869631,126322.0,216485.0,49.79,401.16,95.76,2764.0,95.75367239390296,1970.785714285714,94.84128571428572,1070.142857142857,85.92857142857143,262.6923076923077,66.32307692307693,4584.384615384615,60.34007692307693,2062.769230769231,92.017,1.5,3.2,793596834.1836553,0.0366774080746104,0.0304753599568643,0.0319285517025632,0.0582392881694605,0.0352237780445625,0.0012258730873929,36823.06192099259,36937.23664601599,36583.63635274565,57845.25906648066,19.597602,27.03666666666667,12.98333333333333,20.891954,1.491666666666667,1.491666666666667,0.8166666666666667,16.96040966666667,75.93333333333334,72.26666666666667,14.42884816666667,0.1106666666666666,-14.58587923333333,0,0,185.10390383941345,1125.6349445640762
2020-05-01,18.24,253.21,314.9087,350.3643,451.3286937299433,456.6422562587434,67.7255,870.5,2712.0,0.0376,0.0347,66.0,397.0,2.314399601395117,5651.0,16.71,0.0263,66774.0,21504.0,209961.2343914729,145807.0,199853.0,49.82,414.77,95.05,2711.0,94.42547440969072,1724.833333333333,95.21683333333334,1044.916666666667,85.94766666666668,321.25,62.68633333333333,4760.615384615385,57.75069230769231,1912.75,92.41866666666664,1.5,0.7,870516106.8850663,0.1074788580380075,0.1074788580380075,0.1401607395561795,0.0842992634356126,0.1412767041952924,0.1476974489771525,38130.71871799634,38296.38997948125,37657.55700040964,57342.53834252332,15.8698035483871,24.04516129032258,9.383870967741936,17.00105387096774,0.6693548387096774,0.6693548387096774,0.3306451612903225,13.00480858064516,74.6774193548387,70.09677419354838,10.49428525806452,1.713547709677419,-4.32135715483871,0,0,185.10390383941345,1125.6349445640762
2020-06-01,18.25,254.75,321.9738,352.79,467.8445436948114,459.4756783331179,69.5407,893.9,2893.0,0.0374,0.0343,66.0,374.0,2.170197822778883,6580.0,17.33,0.0155,65851.0,22172.0,227866.0125131971,153760.0,203478.0,50.11,415.01,94.59,2795.0,98.3,1623.0,97.79523076923076,1029.230769230769,87.74338461538461,282.0769230769231,61.42823076923077,3634.461538461539,56.67215384615385,1705.538461538461,92.579,2.2,1.0,893882585.2456788,0.0483675715887037,0.0679966806361803,0.0476960199276363,0.0341025203864158,0.0782199763956833,0.0788593975544212,39313.55645252406,39579.66305462496,53822.26542813522,85458.22372131092,12.97455416666667,19.91666666666667,6.92,14.194025,0.3916666666666666,0.3916666666666666,0.15,12.7866802,83.86666666666666,80.36666666666666,9.879221633333334,2.971399166666667,1.853667108227833,0,0,185.10390383941345,1125.6349445640762
2020-07-01,18.33,257.61,328.2014,357.9072,484.3679825340194,460.2184868379047,71.4749,965.4,3029.0,0.0371,0.0343,65.0,361.0,2.005820219874973,6609.0,17.79,0.0103,99961.0,34918.0,215977.5283617222,145885.0,197940.0,50.92,417.88,97.44,3213.0,102.0,1790.769230769231,102.8862307692308,921.9230769230768,93.0263846153846,260.0769230769231,67.41523076923077,3069.461538461539,63.50869230769232,1519.923076923077,97.15607692307692,1.9,1.3,965401315.6450616,0.0630972586207101,0.0837142460296452,0.0995182979403935,0.0305303089071313,0.0980962098448379,0.1445051117595647,40277.83857085042,40602.78321147386,39063.5873614095,60868.41622453812,10.68351853333333,18.31,4.03,12.17419033333333,0.0833333333333333,0.0833333333333333,0.05,9.8816139,77.13333333333334,73.73333333333333,6.029393900000001,5.909599733333334,7.173969633333333,0,0,185.10390383941345,1125.6349445640762
2020-08-01,18.65,265.52,337.0632,365.9492,504.248204290043,471.0831017587474,73.293,1015.6,3220.0,0.0368,0.0337,66.0,344.0,1.837706511175899,6980.0,18.59,0.005,102008.0,35352.0,225348.5059077785,151350.0,190778.0,52.62,424.36,100.83,2969.0,102.1,2031.5,107.3605,817.25,98.19433333333332,291.5833333333333,80.56191666666666,2992.25,74.46258333333334,1548.833333333333,101.78575,2.7,3.5,1015851698.440901,0.0630972586207101,0.05,0.07,0.0305303089071313,0.05,0.02,41074.27071153514,38643.84668929788,38950.50708962795,61913.3480282837,15.67701783870968,23.72903225806452,8.45483870967742,14.48402096774193,0.0,0.0,0.0,11.3765584516129,61.83870967741935,58.54838709677419,7.296648712580644,2.639935,-4.554296093548387,0,0,185.10390383941345,1125.6349445640762
2020-09-01,19.07,271.74,346.6207,363.5757,522.8734298547995,473.991801378457,75.1986,1022.3,3356.0,0.0367,0.0337,66.0,333.0,1.616879047420096,6822.0,19.41,-0.002,117394.0,38891.0,217292.5687518864,145577.0,190044.0,52.55,428.07,105.78,2935.0,102.2,1998.8,104.947,847.2666666666667,98.8426,315.2666666666667,88.27593333333334,2828.066666666667,80.8588,1753.733333333333,100.6479333333333,2.8,3.0,1022301299.338524,0.0561479738549412,0.0380676385967986,0.0145775305996208,0.0665580748265734,0.0320074228836829,0.0224514490409612,41928.16794265416,41956.68547925414,41884.96118030793,64161.74593557209,16.86891675862069,25.3551724137931,8.96896551724138,15.72298896551724,0.8189655172413793,0.5258620689655172,0.1982758620689655,12.19301668965517,64.82758620689656,61.0,9.054263613793104,1.08186175862069,-6.239313493103449,0,0,185.10390383941345,1125.6349445640762
2020-10-01,19.59,283.41,359.657,371.8535,547.2657803407797,482.6945680878837,77.5693,1079.2,3420.0,0.0361,0.0334,65.0,325.0,1.380387257963773,6687.0,20.72,-0.012,131479.0,42605.0,223469.0,145051.0,192355.0,53.83,434.25,109.1,3039.0,104.3,2219.857142857143,109.2511428571429,858.2857142857143,105.9012142857143,356.9285714285714,102.5708571428571,2837.785714285714,91.38271428571429,1930.0,105.4961428571429,3.8,4.8,1079240623.519423,0.028300765452315,0.0222992381289496,0.0040475888943564,0.0093259891072552,0.0147109446515686,-0.0237097256340805,42978.54925714867,43749.99594632105,45941.84389849772,68108.72949861233,20.38512580645161,28.00967741935484,13.39032258064516,19.34493935483871,1.669354838709677,1.669354838709677,1.0,15.90566896774194,67.38709677419355,63.09677419354838,12.97619312903226,0.3319999354838709,-13.98685200645161,0,0,185.10390383941345,1125.6349445640762
2020-11-01,20.37,299.7,371.0211,378.7179,570.0944153468845,488.2614455280148,79.9332,1030.4,3370.0,0.0356,0.0327,72.0,337.0,1.340446168768186,6416.0,21.96,-0.017,130037.0,43719.0,209432.0,140931.0,176678.0,54.62,436.33,112.4,3011.0,105.4,2034.0,123.4332666666667,897.6,119.3304,344.8666666666667,114.3654666666667,2772.733333333333,98.1376,1794.875,120.2445625,3.2,2.7,1030416537.538609,-0.0700911209955226,-0.0372299860184546,-0.0559189776651938,-0.0591958420350795,-0.0382708510905376,-0.0676214095628381,44259.57900196939,44352.0841796263,45540.68791351788,69308.3232229269,23.82506833333333,31.49333333333333,16.27,21.835716,2.716666666666667,2.716666666666667,1.075,18.41648133333333,65.86666666666666,60.36666666666667,15.82711246666667,0.0,-21.20099133333333,0,0,185.10390383941345,1125.6349445640762
2020-12-01,21.36,314.26,385.8826,378.9446,595.1897264576135,493.7833515212603,82.6379,1012.3,3192.0,0.0356,0.0326,76.0,359.0,1.322042159132448,6498.0,22.84,-0.0119,89129.0,27320.0,217366.0,138334.0,191370.0,54.9,439.31,115.49,3196.0,109.2,2298.8125,152.328875,1095.5,145.453875,257.3333333333333,121.4778666666667,2286.0625,109.6679375,2006.1875,144.38425,4.0,4.4,1012250191.799375,-0.0747752888841446,-0.039459035355577,-0.0831285419289246,-0.0435074826177478,-0.0426440475989631,0.0234616549553951,45640.6352270758,45954.65787804133,67192.79078938092,103375.1970982433,24.7545564516129,32.39677419354839,17.25806451612903,23.42978838709677,1.887096774193548,1.887096774193548,1.274193548387097,20.00113935483871,67.45161290322581,60.35483870967742,17.10457,0.0,-21.77547741935484,0,0,185.10390383941345,1125.6349445640762
2021-01-01,22.74,334.38,401.5071,386.8947,628.266822567963,509.5988826066553,85.9708,931.3,2966.0,0.0357,0.0325,80.0,379.0,1.326052150045746,5869.0,23.67,-0.0047,136902.0,44937.0,212772.0,134026.0,178468.0,56.57,449.58,116.53,3343.0,111.2,2031.833333333333,155.0408333333333,1132.75,147.03325,234.4615384615385,129.9470769230769,2302.692307692308,115.3002307692308,2072.75,151.1520833333333,4.0,4.8,931342633.4778107,-0.0845580868949274,-0.0729548900126641,-0.0731869588212644,-0.0557271707143946,-0.0737440297766088,-0.0785468664207203,46930.41386956631,47047.54980133253,49376.3494661994,78852.76720440312,25.69431137931035,32.64827586206897,18.85862068965517,25.45976655172414,9.922413793103448,7.060344827586207,2.905172413793104,23.94859,75.27586206896552,69.96551724137932,19.90602206896552,0.0,-22.94237310344828,0,0,185.10390383941345,1125.6349445640762
2021-02-01,24.2,349.43,415.8595,394.9819,666.5,536.9,88.6743,787.6,2727.0,0.0362,0.0331,83.0,403.0,1.381067010020713,6013.0,24.947,-0.0022,83746.0,27010.0,176597.0,134518.0,160291.0,60.38,480.99,119.59,3537.0,113.1,1759.928571428571,164.5239285714286,878.6153846153846,158.4786923076923,248.2307692307692,135.8790769230769,2289.461538461539,120.1523846153846,1737.846153846154,164.1908461538462,3.6,3.8,787603261.7606394,-0.0463001724199012,-0.0867643989440642,-0.0664365086840572,-0.0649359378610938,-0.0911909479201733,-0.1308047677336728,48058.74474104686,50227.14761922968,50233.93097097824,79789.41790036715,23.90216074074074,31.23333333333333,16.96666666666667,24.94380296296296,1.425925925925926,1.425925925925926,0.4166666666666667,24.15697962962963,83.5925925925926,82.14814814814815,20.32882481481482,0.0,-21.71528592592593,0,0,185.10390383941345,1125.6349445640762
2021-03-01,26.09,370.0,435.8657,429.1232,692.4486,563.4651,91.0664,828.3,2603.0,0.037,0.0335,77.0,412.0,1.497061511020598,5706.0,26.5,0.00038,98282.0,31306.0,211825.0,129003.0,188695.0,64.72,514.88,124.07,4223.5,117.5,2178.615384615385,173.2256153846154,1008.615384615385,163.8394615384615,208.4,133.5181333333333,2717.4,115.5494666666667,1889.769230769231,171.7874615384615,4.8,4.6,828323662.8138024,-0.029885893697791,-0.0610889064193389,-0.044574327422103,-0.0378171392632636,-0.0634821520165384,-0.0873440347419314,49100.36876592501,49258.34318969108,49605.79151949345,85611.50705031109,22.389861,29.50666666666667,17.01666666666667,23.916945,3.733333333333333,3.733333333333333,0.8333333333333334,23.38046466666667,87.76666666666667,85.53333333333333,19.74240366666667,0.0,-19.68208796666666,0,0,185.10390383941345,1125.6349445640762
2021-04-01,28.17,393.93,453.6503,468.8681,725.4505,599.8746,92.8638,821.2,2654.0,0.0377,0.0338,77.0,413.0,1.477606390480953,6248.0,27.58,0.0086,69771.0,21137.0,209295.0,119428.0,181370.0,69.28,564.36,131.48,4091.0,119.1,1732.666666666667,185.461,851.25,174.4064166666667,257.4166666666667,137.72725,3691.357142857143,115.7165714285714,1524.5,181.67775,4.1,4.3,821173720.0,0.0209291030451621,0.0223178877953853,0.0072347636719029,0.0169396656106941,0.0143267610663569,0.0520146252160861,50243.011423557,50314.557323432,49802.21894823373,86145.08949856261,19.77862107142857,27.61428571428572,13.52857142857143,21.05732,2.767857142857143,2.767857142857143,0.9285714285714286,20.60901821428572,89.0,87.78571428571429,17.51378607142857,0.1600713571428571,-14.55169207142857,0,0,185.10390383941345,1125.6349445640762
2021-05-01,29.77,410.37,468.725,481.9577,748.83,622.01,94.1048,900.2,2810.0,0.0382,0.0344,70.0,393.0,1.45307319957915,6512.0,28.975,0.0149,107076.0,31670.0,194555.0,113540.0,175455.0,71.58,591.62,143.32,4119.0,121.1,1546.25,190.5945,869.5,178.1405,247.125,129.485375,3735.888888888889,111.9786666666667,1689.625,184.93125,3.3,3.1,900211731.1540266,-0.0334783312770158,-0.0482126035797042,-0.079794111906264,-0.0426185663492636,-0.0605959160495855,-0.0986768270281419,51788.356652999,51917.83158812969,51118.77596138116,86697.12197282848,14.80147051612903,23.12258064516129,7.719354838709678,19.20183064516129,1.774193548387097,1.774193548387097,0.8629032258064516,14.22316035483871,84.06451612903226,82.0,11.55447170967742,2.527483193548387,-2.618518990322581,0,0,185.10390383941345,1125.6349445640762
2021-06-01,31.32,432.23,483.6049,511.7433,772.244,644.0,95.2543,920.7,2958.0,0.0381,0.0344,64.0,372.0,1.707206148074808,6480.0,30.25,0.018367,76093.0,21971.0,206867.0,116500.0,182986.0,74.41,632.45,154.29,4030.0,119.9,1263.4,192.2513333333333,762.8,176.2360666666667,187.1875,120.359,2195.176470588235,107.1857647058824,1100.0,186.8094,3.2,3.2,920713126.0,-0.0257388063406545,-0.0590963129636703,-0.0607812240260394,-0.027402899143977,-0.0576340673297432,-0.0728497783170017,53923.11023403853,53935.04746826811,73331.35794705953,127132.8511737119,12.65880425,20.05,6.600000000000001,24.68571428571429,0.2589285714285714,0.2589285714285714,0.1160714285714285,13.35780196428572,88.60714285714286,86.03571428571429,10.423203375,3.877286214285713,1.633322907142857,0,0,185.10390383941345,1125.6349445640762
2021-07-01,32.15,446.65,498.0987,535.1417,789.54,674.77,96.2378,999.3,3143.0,0.0379,0.0341,66.0,362.0,1.822602609744329,5933.0,30.13,0.0286,117893.0,34550.0,219671.0,122197.0,189980.0,77.48,662.37,163.82,3797.0,116.7,1188.692307692308,184.5619230769231,834.5,168.3162142857143,230.2307692307692,117.1208461538461,2475.285714285714,111.3532142857143,1137.071428571429,178.2607857142857,3.0,3.4,999257843.6365876,0.0373872171021008,0.0603500120021085,0.0736918210673296,0.0121001048590502,0.065875814576185,0.0530811208976681,56591.98401686821,56535.15851721048,54327.20180220383,94460.7222163123,12.63487922580645,21.43548387096774,5.22258064516129,21.50322580645161,0.3467741935483871,0.3467741935483871,0.1854838709677419,11.74264893548387,79.12903225806451,75.80645161290323,8.357585172580645,5.00141929032258,1.153966903225807,0,0,185.10390383941345,1125.6349445640762
2021-08-01,32.51,456.42,510.3942,552.4897,809.37,694.85,97.2138,1055.1,3336.0,0.0375,0.0338,68.0,342.0,1.800282823887741,5650.0,30.143,0.03348,118811.0,32874.0,231503.0,139653.0,189233.0,79.08,698.07,172.17,3575.0,116.2,1387.615384615384,185.8216923076923,885.6153846153846,168.8765384615385,273.5384615384615,122.2648461538462,2682.384615384615,114.6845384615385,1339.076923076923,176.8834615384615,2.5,1.5,1055073832.076343,0.0741850436071942,0.0523644643167239,0.0752433500161588,0.0368564398553961,0.0548883580355728,0.0171342315306533,59541.67176814367,60101.96885733832,60875.54471580234,96663.93177401232,15.06785490322581,24.32580645161291,6.735483870967743,24.38387096774193,0.0725806451612903,0.0725806451612903,0.032258064516129,12.32208938709677,72.09677419354838,68.6774193548387,9.19367806451613,3.025483677419355,-3.255744183870968,0,0,185.10390383941345,1125.6349445640762
2021-09-01,33.03,469.01,528.4968,578.7129,831.9937,705.1011,98.285,1069.4,3491.0,0.0369,0.0335,72.0,341.0,1.73228094990602,6097.0,31.17,0.027,127024.0,35400.0,226821.3391301571,150416.0,189831.0,81.23,716.37,178.01,3734.0,118.1,1516.615384615384,188.9222307692308,815.3846153846154,174.9590769230769,222.5384615384615,130.0799230769231,2023.923076923077,128.5251538461538,1291.923076923077,181.5080769230769,3.5,2.9,1069395286.631522,0.0476932764729824,0.0446107222115793,0.0258658606876131,0.0478659794143479,0.0447174508144264,0.0336344449692344,62484.9431358712,62776.76995695483,63041.94303229237,99916.2019081293,18.51236133333333,25.84333333333333,12.41666666666667,25.58,0.9833333333333332,0.9833333333333332,0.3333333333333333,17.05013096666666,81.23333333333333,78.06666666666666,14.44131513333334,0.3873332,-12.24527549,0,0,185.10390383941345,1125.6349445640762
2021-10-01,33.27,476.21,547.0802,594.7769,855.6825,714.3098,99.2491,1116.4,3547.0,0.0364,0.0336,73.0,334.0,1.779317328941827,6708.0,32.34,0.0142,125470.0,35682.0,224260.1371750198,162165.0,185767.0,82.54,731.3,187.35,3776.0,121.5,1589.846153846154,189.6566153846153,731.1538461538462,180.5504615384615,249.1538461538462,138.8556153846154,2115.785714285714,134.1620714285714,1631.307692307692,183.6259230769231,3.5,3.4,1116356738.0,0.0214050929233945,0.0213886409372804,0.0156224841252613,0.0070212216298033,0.0104767622944036,0.005281637991723,65244.06823684786,65365.76617454994,68526.2455499689,104455.5942911768,21.10960967741936,29.58064516129032,13.25483870967742,25.36774193548387,2.766129032258065,2.766129032258065,0.8145161290322581,15.69481080645161,65.25806451612904,59.25806451612903,13.13512635483871,0.224903129032258,-15.46211087096774,0,0,185.10390383941345,1125.6349445640762
2021-11-01,33.7,486.41,560.9184,591.3055,880.8864,718.0511,100.3101,1077.0,3454.0,0.0362,0.0332,79.0,350.0,1.710454160227329,5975.0,32.47,0.0179,142392.0,39470.0,214644.7262031804,166468.0,190609.0,80.39,727.98,192.19,3954.0,126.0,1270.35294117647,223.4147647058824,694.8125,212.0558125,191.4375,164.6395,1711.176470588235,147.1282352941176,1322.058823529412,216.2434705882353,2.5,2.1,1077021745.324007,-0.0391855643871913,-0.0185701497319787,-0.0325587909001397,-0.1136396212236118,-0.0257633461398095,-0.0409546489326072,67687.35896144253,68120.45922340802,69495.18616688195,108278.8474591191,23.34344866666667,30.57,16.43666666666667,24.87,5.866666666666666,5.866666666666666,2.5,19.85580733333333,72.76666666666667,67.86666666666666,17.09832933333333,0.0,-20.44015696666667,0,0,185.10390383941345,1125.6349445640762
2021-12-01,34.35,500.69,582.4575,611.1082,900.78,728.28,101.8885,1046.8,3253.0,0.0359,0.0328,84.0,364.0,1.578744983490426,6790.0,34.041,0.0087,138943.0,39240.0,217172.7563807288,166722.0,189081.0,81.49,732.49,199.22,3938.0,129.0,1802.857142857143,236.5878571428572,823.2142857142857,227.6410714285715,194.5,171.5477142857143,2001.133333333333,158.4192666666667,1768.357142857143,230.1587857142857,3.8,4.3,1046832378.025661,-0.0650106747325153,-0.0634081079156462,-0.050876719997149,-0.0219517856832589,-0.0539539422582954,-0.0023587553723743,69949.58589162832,70203.1948167929,101865.643003881,160794.050040488,27.22177419354839,34.96451612903226,19.61612903225807,25.71935483870968,1.290322580645161,1.290322580645161,1.112903225806452,21.39440483870968,63.2258064516129,57.70967741935484,18.30041548387097,0.0,-23.83173967741936,0,0,185.10390383941345,1125.6349445640762
2022-01-01,35.82,522.73,605.0317,626.7715,934.3362,755.4166,103.9846,922.8,2896.0,0.0359,0.0327,86.0,392.0,1.531489740107279,5536.0,34.81,0.0164,138846.0,37101.0,205598.8594518066,159423.0,182820.0,84.97,758.3,205.36,3974.0,132.6,1579.0,235.1381666666666,785.5,220.8555,189.2307692307692,185.9477692307692,1884.846153846154,170.5698461538462,1591.916666666667,228.5525833333333,3.9,4.9,922796067.4666648,-0.1458223380585798,-0.1336162738532766,-0.1649108894035801,-0.0951369447785555,-0.1315579367384894,-0.2032039834033137,72177.72252677557,74753.62150066126,78241.90970074442,122700.731992731,27.97992774193548,35.57741935483871,21.07741935483871,25.65645161290323,4.443548387096774,4.443548387096774,1.42741935483871,25.1255864516129,71.35483870967742,67.16129032258064,20.76584483870968,0.0,-23.49973870967742,0,0,185.10390383941345,1125.6349445640762
2022-02-01,37.69,538.46,633.4341,667.7629,978.6033,798.276,106.3071,815.9,2837.0,0.0365,0.0336,79.0,417.0,1.508268494472745,5419.0,36.83,0.0148,120418.0,32530.0,188458.0,153719.0,173735.0,90.15,793.91,217.84,4414.0,141.5,1328.0,269.2849285714286,717.4285714285714,254.2843571428571,247.0714285714286,221.8075714285714,2335.357142857143,182.8589285714285,1345.642857142857,258.6795,4.7,7.5,815854510.7709551,-0.0352683274112387,-0.0294570527800834,-0.0112100004503788,-0.0177328381863948,-0.0144330113914885,0.1039926666037829,74523.45597769089,73999.23222629576,73790.1625548173,123340.7711176194,24.09330321428572,31.79285714285714,17.275,24.74285714285714,2.080357142857143,2.080357142857143,1.401785714285714,23.04304571428571,78.57142857142857,74.67857142857143,19.28524285714286,0.0,-21.03459642857143,0,0,185.10390383941345,1125.6349445640762
2022-03-01,40.42,561.17,676.0566,729.7463,1040.54,844.14,109.4585,848.9,2658.0,0.038,0.0342,81.0,416.0,1.358821653013776,5518.0,40.65,0.0039,129648.0,34214.0,193728.0,134845.0,185865.0,94.43,848.57,225.18,4676.5,145.8,1148.944444444444,285.2831666666667,705.7058823529412,273.9595882352941,200.8125,228.765,2409.9375,190.5874375,1092.0,275.2817058823529,6.7,7.2,848947922.9252741,-0.0255529418610834,-0.0680779965780665,-0.0745007900997666,-0.0461019942217473,-0.0833648419841692,-0.1363820092067673,77179.42733212205,77903.6737608308,79072.17777305246,136935.1480921834,20.71529903225806,27.0741935483871,15.05161290322581,25.63548387096774,6.169354838709677,6.169354838709677,3.0,21.54271219354838,87.0,85.16129032258064,18.10910767741936,0.1017419354838709,-17.10872874193548,0,0,185.10390383941345,1125.6349445640762
2022-04-01,43.38,591.1,716.9399,786.4435,1101.953316631405,901.0217010570163,113.3344736842105,837.4,2683.57,0.0388,0.0348,76.0,396.0,1.489492959171808,6794.150731158605,44.71,-0.0045,120509.0,29873.0,197697.0,130188.0,178087.0,101.83,934.71,235.33,4370.0,146.7,1394.615384615384,310.8624615384616,840.1538461538462,285.6335384615385,191.7857142857143,235.9725714285714,3198.133333333333,195.0368,1112.785714285714,299.7639285714285,6.0,5.9,837384499.905835,0.0043591290830827,0.0209896319526023,-0.0147255452751515,0.0299106991282551,0.0169452348663411,0.0022547022637622,80200.18982465533,80222.74444383448,79777.63469558241,138254.2999565547,18.69114068965517,26.26551724137931,12.29310344827586,23.51896551724138,0.8189655172413793,0.8189655172413793,0.5603448275862069,18.39878903448276,83.86206896551724,80.48275862068965,15.43126379310345,0.2633102758620689,-12.18956231034483,0,0,185.10390383941345,1125.6349445640762
2022-05-01,45.52,616.33,753.147,820.4617,1158.92,953.6,117.7737,903.9,2827.0,0.0388,0.0351,66.0,377.0,1.478092366288033,8077.0,46.6,-0.0022,133390.0,31213.0,199617.0,127213.0,174648.0,111.21,992.64,239.85,3925.0,144.2,1302.214285714286,316.7322142857143,839.7142857142857,281.6976428571429,182.6470588235294,215.337294117647,3210.117647058823,185.632294117647,1167.214285714286,305.5175,5.1,4.4,903917319.7845124,0.0409892971458427,0.0475206073346179,0.057744125309471,0.0510225580466745,0.0539774559898282,0.0724244564572537,83756.82557027353,84213.28245771848,83233.27362443165,144485.4189033918,13.99047874193548,21.23548387096774,7.45483870967742,30.66129032258064,0.1290322580645161,0.1290322580645161,0.2177419354838709,13.59829812903226,84.90322580645162,82.16129032258064,11.00436801612903,2.313290161290323,-0.385547677096774,0,0,185.10390383941345,1125.6349445640762
2022-06-01,47.81,647.56,793.0278,852.0018,1214.8241,1007.8398,122.7357,914.2,2952.0,0.0389,0.035,62.0,368.0,1.574894856033646,6368.0,47.5,0.00967,134361.0,31766.0,199377.0,121152.0,181614.0,117.2,1041.12,249.79,4142.0,150.2,1230.25,311.1675,1066.583333333333,275.2265833333333,271.9166666666667,202.2403333333333,3576.75,176.0496666666667,1349.0,301.7249166666667,5.3,4.6,914183139.8513244,0.0207845310483351,0.0555913961794451,0.0608556832486424,-0.0608985059075293,0.052215934478117,0.073522910805534,87983.71248324808,88113.8006537995,120610.7177522582,211726.8424179501,11.0125334,18.66666666666667,4.88,26.11166666666667,0.0833333333333333,0.0833333333333333,0.025,10.55385406666667,82.06666666666666,78.33333333333333,7.443261066666666,4.515198799999999,7.83797048,0,0,185.10390383941345,1125.6349445640762
2022-07-01,50.51,689.9,851.761,917.2051,1300.8373,1065.0501,128.4454,989.4,3208.0,0.0387,0.0345,65.0,359.0,1.782954043761274,7586.0,50.22,0.0087,160102.0,37893.0,225530.0,135561.0,183241.0,125.36,1090.49,269.56,3859.0,146.5,1006.857142857143,301.7572857142857,1009.923076923077,277.3911538461538,268.3846153846154,214.7052307692308,2748.071428571428,193.522,1204.384615384616,286.6779230769231,7.4,6.0,989393826.5089126,0.0305060179267038,0.0522758946751044,0.0600659764747125,0.0703673522774671,0.0626715315614784,0.0350942606377928,99915.03084941376,99619.15801382584,96107.34381501448,157052.7476450411,14.61133475,22.64285714285714,8.221428571428572,27.93392857142857,0.2857142857142857,0.2857142857142857,0.1964285714285714,13.33322285714286,78.32142857142857,74.60714285714286,10.26105671428572,2.537427785714286,-2.753826196428572,0,0,185.10390383941345,1125.6349445640762
2022-08-01,52.88,731.98,911.1316,999.4043,1407.1975,1126.0565,135.2903,1061.8,3333.0,0.038,0.0342,71.0,355.0,1.774116316160992,6603.0,51.57,0.0173,136472.0,31706.0,215734.0,133118.0,193601.0,137.56,1150.22,290.45,3481.0,143.4,1323.642857142857,317.5802142857143,1068.071428571429,292.8576428571428,290.9285714285714,270.6570714285714,2499.2,237.225,1207.642857142857,301.2865,7.0,7.1,1061797210.077748,0.0816161837352655,0.0650271173257399,0.0742224174998941,0.1101985122050513,0.0710742889994857,0.0424058741799001,105688.2122241783,106853.3071881248,108171.9713529078,167585.6957627368,14.5170372,22.94,7.103333333333333,24.055,0.775,0.35,0.1416666666666666,12.102896,72.46666666666667,67.33333333333333,8.665890426666666,3.1761325,-2.016902546666667,0,0,185.10390383941345,1125.6349445640762
2022-09-01,55.5,771.17,967.3076,1073.7616,1484.342336389723,1172.602091344904,143.6252,1073.0,3358.48,0.0377,0.0342,73.0,345.0,1.674527602266323,6643.0,55.04,0.0098,146827.0,34579.0,228417.4143899832,140890.2549985628,192307.7428596945,147.66,1219.06,317.9,3672.0,142.5,1399.846153846154,311.9006153846154,1049.923076923077,287.2059230769231,300.0769230769231,257.6365384615385,2401.384615384615,232.8649230769231,1449.384615384616,295.2164615384615,6.2,6.7,1073098208.371962,0.0596065097307794,0.0426299914849355,0.047608402320431,0.0629073445626202,0.0266731537208286,0.093909589319753,111690.5771974636,112013.3416055545,112670.7107909796,179438.9801055598,16.202594,24.0,8.623333333333333,23.675,0.7583333333333333,1.2,0.5416666666666666,11.65574653333333,66.53333333333333,61.83333333333334,8.806926966666667,1.399932966666667,-5.768503186666666,0,0,185.10390383941345,1125.6349445640762
2022-10-01,58.39,818.44,1028.706,1166.7031,1555.226720541896,1238.979905229908,152.5928947368421,1114.0,3080.0,0.0373,0.0341,73.7510163261027,341.9925785598706,1.60418431260419,6659.0,59.49,0.005,186870.0,43666.0,224631.4938880666,152547.6125918657,185140.9090841837,168.04,1266.75,374.97,3497.0,139.3,1635.666666666667,294.872,924.0833333333334,276.462,251.75,211.5153333333333,2105.583333333333,197.7745,1720.75,281.0025,6.3,6.2,1114150508.90991,0.0062425451193617,0.00703028469061,-0.0019727724792312,0.0072712636464271,-0.0005619828641751,-0.0323618463367915,117783.0823091053,118243.1424570514,123127.7829608905,189111.6870543524,19.61975838709677,27.36129032258065,12.31290322580645,26.66774193548387,1.395161290322581,1.395161290322581,0.4112903225806452,14.36805758064516,65.12903225806451,59.83870967741935,11.57732781290322,0.1820644516129032,-13.21039735483871,0,0,185.10390383941345,1125.6349445640762
2022-11-01,61.59,877.24,1079.2787,1232.3176,1653.118890916182,1301.740185755235,162.1183333333333,1046.0,3066.0,0.0366,0.0336,75.86709123648434,339.3289705408898,1.59464878528324,4936.0,62.45,0.003,140420.0,35029.0,221214.0,153960.0,193858.0,175.04,1310.52,371.4,3338.0,137.4,1521.5625,300.231125,859.2666666666667,277.3696666666667,218.5,235.361875,1961.5,203.889375,1762.375,280.9446875,4.9,3.5,1045670951.208048,-0.0895886089179951,-0.0839355851117914,-0.1094643835798131,-0.0908868317358487,-0.0982598072644028,-0.0915932330022049,124080.6824575789,124509.4829609466,125677.0982087146,203119.4449267622,24.73439733333333,33.02666666666666,16.40333333333333,26.18833333333333,2.3,2.3,0.7666666666666667,16.66212323333333,56.93333333333333,50.13333333333333,14.22872266666667,0.1604666,-20.01132296666667,1,0,185.10390383941345,1125.6349445640762
2022-12-01,66.24,956.31,1134.5875,1286.0449,1754.575551529618,1365.410807859357,172.90316,1030.2,3306.0,0.0360572775557668,0.0332223309158158,84.63689952496001,349.1245817456309,1.59,5018.0,67.01,0.0035,127413.0,32725.0,224498.0,160542.0,194043.0,183.55,1332.46,388.96,3323.0,138.2,1818.0,308.0702307692308,890.2307692307693,290.6527692307692,192.6428571428572,237.1322142857143,1761.8,214.423,1718.2,291.2327333333333,5.1,4.7,1030224836.472972,-0.0189484891565461,-0.0152384496451336,-0.0447060465552352,0.0028211666176005,0.0021910158466018,0.0525778914682579,131008.1254559083,145558.2098035818,209251.3893469082,317848.3437387504,27.44679580645161,35.65483870967742,19.3741935483871,25.95,1.911290322580645,1.725806451612903,0.5,19.39786677419355,55.90322580645162,50.12903225806452,16.58291709677419,0.0,-23.18915741935484,1,0,185.10390383941345,1125.6349445640762
2023-01-01,69.98,1007.88,1202.979,1346.6652,1868.302015348431,1432.86750417011,182.2440909090909,955.0,3007.0,0.0362,0.0332,84.0,361.0,1.5,4783.0,69.93,0.008,123112.0,30952.0,207147.0,154589.0,188591.0,190.24,1385.98,410.65,3213.0,135.0,2044.307692307692,347.1856923076923,1107.384615384616,333.0508461538462,263.1538461538461,265.717,2733.384615384615,239.0842307692308,1934.923076923077,336.2933076923077,6.0,6.8,954996600.1242492,-0.0829152789227908,-0.0709410868901876,-0.0902074357260011,-0.045087867562502,-0.0793002892117311,-0.1571983933630125,138678.4795478508,138574.9214741153,144644.2459715871,241706.3165066231,28.66487483870968,36.95161290322581,20.66451612903226,25.70483870967742,2.008064516129032,2.193548387096774,0.9758064516129032,21.49085548387097,58.74193548387097,53.80645161290322,18.1430570967742,0.0,-23.66841677419355,1,0,185.10390383941345,1125.6349445640762
2023-02-01,74.04,1057.26,1282.7092,1454.9908,1999.6,1530.63,191.8924,805.2,2847.0,0.0365,0.0333,81.0,386.0,1.5,4541.0,73.08,0.0139999999999999,125218.0,32194.0,188601.4732853053,144594.6095875482,177739.7161335525,198.93,1469.75,449.39,3296.5,131.3,1903.166666666667,461.959,922.1666666666666,439.0498333333333,258.4166666666667,336.3545,2974.5,292.0274166666667,1717.416666666667,444.6829166666666,6.6,9.8,805211847.4409587,-0.0473446340297848,-0.0172087335670242,-0.0589507792070698,-0.0223152890385771,-0.0274919087202908,-0.027825962652808,146879.8736047723,147869.4731592707,147332.1248901108,249422.7289081276,26.06689071428571,34.11071428571429,18.70357142857143,26.8,2.053571428571428,2.053571428571428,0.5982142857142857,21.56683025,66.32142857142857,62.07142857142857,18.06065646428572,0.1897142142857142,-21.41106171428572,1,0,185.10390383941345,1125.6349445640762
2023-03-01,81.53,1149.667252376145,1381.2,1584.1582,2100.758975964711,1624.323442824518,203.1055363636364,822.3,2918.56,0.0373,0.0336,81.0,394.0,1.638601674052191,4111.0,78.14,0.0246,125099.0,30321.0,204083.2564637009,126790.7388745736,201077.3269365314,217.5,1603.1,487.21,3253.0,130.3,2030.076923076923,474.4252307692308,1051.461538461539,438.347,243.3571428571429,285.2591428571429,3486.5,233.5790714285714,1879.923076923077,452.8113846153846,7.7,9.3,822335631.958827,-0.0247371921320775,-0.0775992747575268,-0.083715698642565,-0.0174448988689067,-0.0895563664234329,-0.1083819519807988,155511.7944630265,156813.424538739,160056.8934191357,276739.7714574517,27.48698387096774,34.64838709677419,21.33548387096774,22.65967741935484,7.459677419354839,7.459677419354839,2.120967741935484,25.50933774193549,72.2258064516129,69.09677419354838,21.22017258064516,0.0,-23.59077161290323,1,0,185.10390383941345,1125.6349445640762
2023-04-01,89.39,1224.16,1497.2147,1748.9987,2246.410649891486,1757.457496593496,216.5559166666666,852.7,2900.0,0.0385,0.0346,72.0,385.0,1.8,4843.0,85.57,0.022,99953.0,25569.0,189193.1659422388,126653.8600594805,172976.116641206,236.93,1818.59,525.12,3071.0,124.6,1774.454545454545,487.0219090909091,929.5454545454544,453.6577272727272,289.5454545454546,296.4482727272728,4703.583333333333,233.5405833333333,1692.727272727273,464.7775454545454,8.4,10.1,852721976.8635931,0.0474304604472466,0.0488014595519481,0.1091997743979451,0.0420805683726444,0.080185924487687,0.0333467839303298,164810.0201579317,164833.7765171242,165424.1118282464,287934.5244907836,19.62584428571429,26.00714285714286,14.36785714285714,26.85714285714286,0.9642857142857144,0.9642857142857144,0.4732142857142857,17.55077214285715,76.07142857142857,75.32142857142857,14.96491985714286,0.0,-15.94787242857143,1,0,185.10390383941345,1125.6349445640762
2023-05-01,96.58,1309.27,1613.5895,1917.547,2405.515902487593,1933.294664752912,231.190835,882.3,2934.0,0.039,0.0348,70.0,371.0,2.03,4671.0,91.62,0.026,102458.0,26246.0,199454.0,124446.0,183729.0,267.58,2065.58,597.2,3237.0,118.7,1282.875,491.044125,805.875,452.628375,233.5625,283.0858125,3497.5625,231.3985625,1362.4375,466.2634375,7.8,5.8,882287671.1014389,0.0010200337515813,0.0164646531047463,0.0239689133552225,0.0098078151418441,-0.0059226186086758,-0.0050696670884108,175082.0365106128,175594.8767450318,174470.0969266525,303249.5710126509,17.69249451612903,23.21612903225807,13.37741935483871,27.95161290322581,2.911290322580645,2.911290322580645,0.8709677419354839,13.26189867741936,64.06451612903226,64.09677419354838,10.53560412903226,0.0,-11.15681425806452,1,0,185.10390383941345,1125.6349445640762
2023-06-01,102.2,1391.72,1709.6115,2051.5322,2585.66679052681,2104.272760983979,248.76167,906.3,3013.0,0.0388,0.0347,69.0,360.0,2.13,4864.0,96.68,0.026,90746.0,22852.0,203985.0,124659.0,185603.0,289.54,2238.99,668.18,3172.5,116.8,1342.785714285714,482.9407142857143,740.8571428571429,463.5942857142857,245.2142857142857,271.9168571428572,3344.666666666667,231.074,1490.214285714286,461.9241428571429,6.0,4.1,906283332.0,0.0207686064752969,0.0499376520005487,0.0702827947543303,0.0277235963027064,0.0626024626192276,0.1417789461468717,186782.2876325418,187286.5019941319,258836.0490351527,458848.3793733415,14.08644611111111,19.55555555555556,9.092592592592592,26.05185185185185,0.1574074074074074,0.1481481481481481,0.1111111111111111,12.25851037037037,72.92592592592592,71.92592592592592,8.689604314814815,3.135555555555555,-1.924376074074074,0,0,185.10390383941345,1125.6349445640762
2023-07-01,107.65,1465.10119252519,1818.0838,2210.9544,2767.10627207114,2232.665618019151,266.4646857142857,987.8,3285.0,0.0385,0.0338,87.0,401.0,2.09,4673.0,101.68,0.026,101581.0,25508.0,211638.0,136650.0,182022.0,309.93,2372.11,714.97,3124.5,116.3,1655.666666666667,509.4698333333333,1023.416666666667,494.6685833333333,273.75,327.9646666666667,3705.0,312.3370833333333,1684.666666666667,484.3020833333333,6.3,5.8,987809881.0,0.0389154546611545,0.0642618120889648,0.0705839933318686,0.0186467744934246,0.0678035821680156,0.017867489302032,200210.6043549094,201773.8534123466,196296.2068191885,352070.0474414654,15.36005276190476,21.95714285714286,9.9,22.74761904761905,0.0,0.0,0.0,14.71054080952381,80.33333333333333,77.38095238095238,11.72798438095238,2.482095952380952,-3.984006052380952,0,0,185.10390383941345,1125.6349445640762
2023-08-01,111.1,1539.081719688778,2044.2832,2393.7692,3284.864260787335,2363.482586445589,322.1341,1057.997,3518.0,0.038,0.0345,71.0,338.0,1.8,4832.0,115.04,-0.006,97141.0,26180.0,188245.0,116111.0,190437.0,333.25,2483.93,746.1,2706.0,111.3,1834.571428571429,746.9541428571429,956.6428571428572,722.6947857142858,303.5,539.1572857142858,3468.142857142857,498.6312142857142,1774.5,716.5172857142858,12.4,15.6,1057997023.272831,0.094259336662839,0.0571411594509627,0.0631257482460732,0.046490006464382,0.0657406641526909,0.040480814307932,254031.56161031,254397.4338724279,256597.7358652509,389265.2546816426,15.53167658064516,23.7483870967742,8.896774193548387,29.7516129032258,0.0,0.0,0.0,12.80931109677419,71.51612903225806,68.83870967741936,9.776055129032258,2.109805709677419,-3.344100443225806,0,0,185.10390383941345,1125.6349445640762
2023-09-01,118.36,1649.26,2304.9242,2603.8294,3587.486377331326,2539.638428120532,349.9980142857142,1034.269851,3572.0,0.0375999999999999,0.0345,69.0,329.0,1.74,4908.0,124.78,-0.012,103342.0,28235.0,201371.0,149018.0,178577.0,360.4,2716.11,836.68,2750.5,108.6,1687.428571428571,731.4023571428571,664.7857142857143,708.2775,294.2142857142857,604.3707142857144,2833.285714285714,552.1897857142857,1999.5,698.2852142857143,12.7,14.3,1034269851.0,0.038808943715012,0.0093757236763254,0.0209290544342819,0.0364823541637835,-0.0044168877760494,-0.0330014311124736,274370.9526363137,276621.0335910991,278143.8559475655,431695.0896687198,16.97653517241379,24.7551724137931,10.51379310344828,28.33448275862069,0.0344827586206896,0.0344827586206896,0.0086206896551724,14.28556037931034,74.3103448275862,70.58620689655173,11.64657793103448,1.213516793103449,-8.176936206896551,0,0,185.10390383941345,1125.6349445640762
2023-10-01,130.17,1834.51759302515,2496.273,2830.842,3858.68277968591,2653.834501609959,350.0204150000001,1066.453827442699,3582.0,0.037,0.034,73.0,325.0,1.53,4549.0,133.46,-0.003,120229.0,33373.0,224000.0,152432.2826778248,195048.4707091213,385.65,2891.23,999.25,2995.0,111.3,2031.615384615384,883.3548461538461,842.6153846153846,858.3535384615384,255.9230769230769,704.1963846153847,2607.769230769231,649.6338461538461,2650.571428571428,863.574,8.3,7.7,1066453827.442699,0.0174474525332479,-0.0030291000027002,-0.0107325354920724,-0.0106326954951029,-0.0245232254581044,-0.046352320838802,299339.2316680877,290669.1175400173,300113.7886754057,473146.3013331458,20.49800741935484,28.68709677419355,13.53870967741936,26.52258451612904,0.3870967741935484,0.3870967741935484,0.1693548387096774,15.96221803225806,67.25806451612904,62.67741935483871,13.06941490322581,0.3427096129032258,-14.209078,1,0,185.10390383941345,1125.6349445640762
2023-11-01,150.01,2127.93,2816.0628,3115.2465,4287.020298305702,2971.444820774404,353.8404,1004.076,3523.0,0.0369,0.0336,78.0,334.0,1.52,4902.0,151.36,-0.005,115630.74093,33745.01839999999,220375.0,152444.0,183433.0,422.9,3195.75,1136.78,2999.0,114.2,1793.666666666667,969.9962,796.1333333333333,938.0124,288.4,809.4522,2680.333333333333,737.4453333333333,2312.533333333333,927.2863333333332,12.8,15.7,1004076114.0,-0.0501774938117448,-0.0411133219828877,-0.0718560571532417,-0.0212220317189366,-0.0467583335382422,-0.0459988919691083,330792.948168391,329245.4898952453,328551.0786335899,521738.9727514332,22.79136733333333,29.73333333333333,16.51,24.51,1.058333333333333,1.058333333333333,0.3,20.49551733333333,74.33333333333333,70.83333333333333,17.34107466666667,0.0,-19.3998903,1,0,550.0,13.0
2023-12-01,193.65,2775.22,3533.1922,3998.8519,6603.369240957461,3860.924363592162,641.9947,951.0,3230.0,0.0367,0.0331,88.0,366.0,1.44,5006.0,237.77,-0.061,131872.75046,38473.86474399999,199145.0,159603.0,164309.0,543.72,4022.4,1478.9,3155.5,116.1,1715.9375,1417.482375,764.0,1396.0925,197.25,1076.0595625,1911.058823529412,993.8514117647056,2093.0625,1362.778625,25.5,29.7,951191981.1026338,-0.0834700378745283,-0.076266743449801,-0.1023960400065739,-0.0532243344295947,-0.0757603397975789,-0.0180400682051039,368668.2225080784,367587.4277082735,523642.9091042242,841141.5606705518,24.2460435,30.52,19.05,30.865021,0.9875,0.8,0.2125,23.688068,77.45,76.8,19.60965,0.0,-22.8665285,1,0,185.10390383941345,1125.6349445640762
2024-01-01,243.92,3515.24,4261.5324,5106.0679,7788.855267058701,4670.305081617445,818.3455,834.3,2848.0,0.0364,0.033,90.0,416.0,1.61,4809.0,268.11,-0.025,125463.0,34569.0,164627.0,140393.0,152244.0,738.94,5029.14,1833.0,3321.5,118.9,2012.928571428572,1485.982928571428,839.6428571428571,1442.210857142857,298.9285714285714,1206.537571428571,2567.0,1096.743857142857,2392.571428571428,1428.498857142857,20.6,20.4,834315953.4736575,-0.113396153247728,-0.1249387384546472,-0.1089100429868603,-0.0960129285484041,-0.131542532618256,-0.1872474244278543,411277.5541949025,416608.7766485821,434326.31,756220.42,26.04161933333334,33.25333333333334,18.87333333333333,41.60006,0.05,0.15,0.05,26.26318533333333,75.4,77.93333333333334,20.99710666666666,0.0,-23.52222933333333,1,0,700.0,2.0
2024-02-01,291.6870777038849,4172.756543815151,4825.7881,5940.5431,8579.885136895673,5631.701515166944,834.914,685.787,2439.0,0.0367,0.0333,89.0,440.0,2.06,3950.0,288.72,0.01,125677.3,35611.1,154255.995010025,120857.7222220789,147817.5811711331,908.54,6064.97,2043.19,3425.5,120.0,1578.923076923077,1722.568307692308,809.6923076923077,1641.226461538462,224.5384615384615,1213.816461538462,2466.769230769231,1110.064846153846,1755.076923076923,1659.351153846154,13.2,11.9,685787684.0,-0.16,-0.18,-0.18,-0.16,-0.18,-0.2,509752.1448402231,496243.7133179952,494082.4,858706.94,31.11259714285714,38.91428571428571,23.4,41.60006,0.4642857142857143,0.0,0.0,34.99871428571429,78.14285714285714,73.85714285714286,26.33632285714286,0.0,-23.90403,1,0,700.0,2.0
2024-03-01,331.68,4661.86,5357.0929,6942.3572,9044.947359255844,6635.309922527691,850.3377,704.307,2341.0,0.0374,0.0338,91.0,451.0,2.3,4168.0,309.04,0.034,107465.0,29976.0,179889.0,122137.737164181,158013.3553520792,1114.65,7141.31,2384.64,3214.5,124.2,1402.4,1829.260533333333,738.4285714285714,1700.984928571429,162.4,1168.425,2358.466666666667,1024.600466666666,1544.533333333333,1793.842933333333,11.0,10.5,704307799.0,0.0303769568700575,-0.0648618610947623,-0.0027458684749372,-0.000269100476437,-0.0635593419336639,-0.0482936575161205,559256.5385563109,559989.4379794892,572499.32,948558.53,19.789249996634023,27.14160711587831,13.323029294644645,25.009899188175176,2.1591285906768936,1.9862515916768888,0.8686131775015763,17.544472620547882,75.09817537966545,71.24246473576795,14.351793284608014,1.1306662919815518,-12.487603744794168,1,0,900.0,1.0
2024-04-01,354.87,4847.89,5830.2271,7524.5792,9356.888042130906,7368.29502872434,868.9583,714.27,2445.0,0.0385,0.0348,84.0,432.0,2.35,4401.0,321.34,0.043,103783.0,29056.0,165382.8510544596,109653.925631442,152221.7002783717,1196.96,8383.81,2481.45,3257.5,123.7,1318.866666666667,1922.6526,748.4,1761.601866666667,190.5714285714286,1101.418142857143,2813.375,1033.02525,1482.8,1855.896933333333,8.8,6.0,714270845.0,0.01,0.06,0.01,0.01,0.05,0.03,608051.6417945332,616481.485741115,624422.48,1056040.39,19.789249996634023,27.14160711587831,13.323029294644645,25.009899188175176,2.1591285906768936,1.9862515916768888,0.8686131775015763,17.544472620547882,75.09817537966545,71.24246473576795,14.351793284608014,1.1306662919815518,-12.487603744794168,0,0,185.10390383941345,1125.6349445640762
2024-05-01,389.33,5230.35,6073.7165,7826.3584,9682.8153621046,7857.366496003551,886.8636,787.137,2608.0,0.039,0.0355,67.0,397.0,2.45,5142.0,351.28,0.046,97283.0,25945.0,188458.0,116140.0,162765.0,1226.29,8808.59,2621.56,3379.0,126.0,1169.533333333333,1991.523133333333,706.6666666666666,1806.445266666666,235.7142857142857,1067.200785714286,3591.0625,929.079875,1418.466666666667,1856.3484,4.2,4.8,787137411.9009233,0.09,0.16,0.11,0.13,0.15,0.19,655763.7230526153,655675.7015264323,654533.36,1076243.57,19.789249996634023,27.14160711587831,13.323029294644645,25.009899188175176,2.1591285906768936,1.9862515916768888,0.8686131775015763,17.544472620547882,75.09817537966545,71.24246473576795,14.351793284608014,1.1306662919815518,-12.487603744794168,0,0,185.10390383941345,1125.6349445640762
2024-06-01,403.38,5512.23,6351.7145,8076.1154,9940.066614352716,8426.106628750562,903.7794,841.539,2881.0,0.0383,0.0349,79.0,368.0,2.5,5363.0,366.87,0.0429,91159.2,24301.0,182817.0531021873,116874.9950381502,142025.8766486718,1269.29,9208.32,2685.21,3436.0,127.8,1259.461538461539,2004.172615384616,678.0,1868.214307692308,213.1538461538462,1051.965846153846,3207.692307692308,983.6217692307692,1469.769230769231,1915.213307692308,4.6,3.0,841539493.0,0.07,0.11,0.17,0.08,0.12,0.17,701404.3651931883,718794.6029483001,1002811.24,1627774.73,19.789249996634023,27.14160711587831,13.323029294644645,25.009899188175176,2.1591285906768936,1.9862515916768888,0.8686131775015763,17.544472620547882,75.09817537966545,71.24246473576795,14.351793284608014,1.1306662919815518,-12.487603744794168,0,0,185.10390383941345,1125.6349445640762
2024-07-01,411.7,5762.27,6607.7479,8266.0312,10246.48493185228,8627.945083015165,923.7652,941.0,3118.0,0.0382303845363324,0.0350011899739789,81.3586691,339.9,2.66,4964.0,374.06,0.0459,115574.7,31898.1,203449.0,117386.6546046062,181857.2654299089,1255.45,9516.02,2807.62,3180.0,127.7,1433.533333333333,2077.540666666667,858.4,1953.4884,233.8,1215.1278,2689.875,1174.0503125,1572.2,1931.263533333333,4.0,3.2,940746867.0,0.07,0.09,0.13,0.05,0.08,0.09,743899.2878901751,768697.3147255322,753933.13,1219882.02,19.789249996634023,27.14160711587831,13.323029294644645,25.009899188175176,2.1591285906768936,1.9862515916768888,0.8686131775015763,17.544472620547882,75.09817537966545,71.24246473576795,14.351793284608014,1.1306662919815518,-12.487603744794168,0,0,185.10390383941345,1125.6349445640762
2024-08-01,418.7,5762.27,6883.4412,8661.9478,10458.62775103311,8859.996336549475,942.9204,992.8,3771.0,0.0380323656804755,0.0347176213958501,79.2650947,321.6,2.62,4559.0,375.03,0.057,104802.6,27866.1,217523.1656359726,127184.483291122,185998.2907464473,1323.27,9775.39,2936.19,3370.5,130.6,1445.785714285714,2064.805571428572,850.0714285714286,1973.666357142857,262.9230769230769,1565.064769230769,2426.214285714286,1440.546428571429,1717.714285714286,1951.829857142857,4.2,3.6,992799561.0,0.05,0.06,0.04,0.05,0.03,0.03,783824.4805886371,784267.336623814,788296.07,1259287.39,19.789249996634023,27.14160711587831,13.323029294644645,25.009899188175176,2.1591285906768936,1.9862515916768888,0.8686131775015763,17.544472620547882,75.09817537966545,71.24246473576795,14.351793284608014,1.1306662919815518,-12.487603744794168,0,1,1400.0,12.0
2024-09-01,426.18,5937.24,7122.2421,8925.3385,10665.28249725194,8989.557235815664,961.8254,1014.951,3561.0,0.0375,0.0344,84.0,305.0,2.533822699280246,5432.0,395.874,0.0386,115606.05769,31090.69515,207278.0,137512.0,172393.0,1322.22,9916.71,3086.48,3417.0,136.3,1655.0,1987.366153846154,780.6153846153846,1877.777846153846,257.3076923076923,1589.747692307692,2181.642857142857,1474.171428571429,1795.571428571429,1882.123857142857,3.5,2.3,1014951510.0,0.08,0.05,0.07,0.08,0.03,0.02,822548.88796698,824458.5961497877,827042.77,1304720.66,19.789249996634023,27.14160711587831,13.323029294644645,25.009899188175176,2.1591285906768936,1.9862515916768888,0.8686131775015763,17.544472620547882,75.09817537966545,71.24246473576795,14.351793284608014,1.1306662919815518,-12.487603744794168,1,0,185.10390383941345,1125.6349445640762
2024-10-01,434.8628688048272,6142.43,7313.9542,9145.4461,10791.47939854304,9148.512605823827,981.5682,1062.144,3637.0,0.0369,0.0341,91.0,309.0,2.430996433767278,5377.0,405.01,0.0379,149797.0,40200.0,223938.0,143284.0,188120.0,1356.47,10038.77,3124.67,3556.0,139.1,1785.866666666667,1971.4096,717.6428571428571,1903.683142857143,265.2857142857143,1577.910357142857,2007.6875,1460.3645,2204.733333333333,1888.9962,2.7,1.2,1062144711.0,0.03,0.01,-0.01,0.02,0.02,0.0,859670.961018662,862546.1179896198,884209.14,1377016.8,19.789249996634023,27.14160711587831,13.323029294644645,25.009899188175176,2.1591285906768936,1.9862515916768888,0.8686131775015763,17.544472620547882,75.09817537966545,71.24246473576795,14.351793284608014,1.1306662919815518,-12.487603744794168,1,0,185.10390383941345,1125.6349445640762
2024-11-01,439.73,6274.27,7491.4314,9372.5569,10941.22378202358,9351.379260454758,1001.83771754386,1018.8,3707.0,0.0364,0.0338,100.0,327.0,2.406841199972204,5586.0,407.41,0.0414,145149.0,37937.0,204542.0,145767.0,174724.0,1395.06,10211.45,3292.69,3769.5,139.9,1724.071428571429,2139.263928571429,644.3571428571429,2038.5005,235.2142857142857,1696.173428571428,2110.428571428572,1580.045714285714,2307.571428571428,2025.547142857143,2.4,0.9,1018817998.0,-0.06,-0.05,-0.07,-0.06,-0.03,0.01,894459.9692281458,898463.6249959462,890071.48,1411221.7,19.789249996634023,27.14160711587831,13.323029294644645,25.009899188175176,2.1591285906768936,1.9862515916768888,0.8686131775015763,17.544472620547882,75.09817537966545,71.24246473576795,14.351793284608014,1.1306662919815518,-12.487603744794168,1,0,185.10390383941345,1125.6349445640762
2024-12-01,441.1,6296.65,7694.0075,9514.0546,11034.04378561895,9429.317342659268,1020.7061,993.5,3511.0,0.0364,0.0337,95.0,357.0,2.41,5993.0,411.59,0.0395,130901.0,34198.0,207902.7108304201,160572.8627520082,169678.2217851113,1424.76,10420.95,3387.03,3937.0,138.9,1705.6,2369.791533333333,681.3333333333334,2283.326,163.2666666666667,1626.8532,1867.133333333333,1529.655133333333,1966.2,2304.1886,2.7,2.2,993509504.0,-0.04,-0.05,-0.05,-0.03,-0.04,0.0,924505.340299605,931330.6278040254,1320765.92,2126399.66,19.789249996634023,27.14160711587831,13.323029294644645,25.009899188175176,2.1591285906768936,1.9862515916768888,0.8686131775015763,17.544472620547882,75.09817537966545,71.24246473576795,14.351793284608014,1.1306662919815518,-12.487603744794168,1,0,185.10390383941345,1125.6349445640762
2025-01-01,444.11,6355.69,7864.1257,9704.1048,11200.30197192178,9537.869897574046,1043.5644,880.7,3155.0,0.0364,0.0336,88.0,375.0,2.16,6061.0,417.67,0.0339,116368.0,29580.0,195346.0,153135.0,182305.0,1453.45,10751.05,3376.53,3896.0,142.9,1606.071428571429,2480.774357142857,796.0769230769231,2262.101153846154,242.5384615384615,1521.619615384615,2083.230769230769,1455.719230769231,2043.0,2396.591307692308,2.2,1.8,880717576.0,-0.09,-0.13,-0.1,-0.05,-0.12,-0.17,949500.2399799972,950443.1398097578,988794.2129777382,1598299.83,19.789249996634023,27.14160711587831,13.323029294644645,25.009899188175176,2.1591285906768936,1.9862515916768888,0.8686131775015763,17.544472620547882,75.09817537966545,71.24246473576795,14.351793284608014,1.1306662919815518,-12.487603744794168,1,0,185.10390383941345,1125.6349445640762
2025-02-01,447.42,6287.64,8052.9927,9788.1653,11384.05054659223,9736.380724401068,1058.4625,742.442,2912.0,0.0372,0.0341,95.0,398.0,2.06,5346.0,416.91,0.0382,136110.0,33851.0,172027.3215285787,133376.6652029973,170743.7055667985,1462.11,10891.1,3398.59,4161.0,148.7,1705.833333333333,2804.407666666667,816.4166666666666,2584.425833333333,187.8333333333333,1563.284666666667,2475.75,1497.486583333333,1928.666666666667,2730.866583333333,2.4,3.2,742442670.2,-0.07,-0.09,-0.1,-0.06,-0.1,-0.17,971611.3446435956,978556.6488444431,974622.5680823454,1592613.8,19.789249996634023,27.14160711587831,13.323029294644645,25.009899188175176,2.1591285906768936,1.9862515916768888,0.8686131775015763,17.544472620547882,75.09817537966545,71.24246473576795,14.351793284608014,1.1306662919815518,-12.487603744794168,1,0,900.0,3.0
2025-03-01,453.14,6195.5,8353.3158,9948.6215,11552.83255253276,9922.89906740216,1069.0347,816.446,2897.0,0.0384,0.0348,89.0,418.0,2.18,5327.0,422.78,0.0374,112532.593,28306.778426,191476.0,134182.3046888837,170901.8786875686,1465.0,11185.88,3435.66,4056.5,148.7,1579.333333333333,2963.886583333333,865.0909090909091,2673.303545454546,165.0,1537.394272727273,2597.636363636364,1444.806090909091,1377.538461538461,2902.814846153846,3.7,5.9,816446058.8447108,-0.01,0.02,-0.04,-0.05,-0.01,0.05,994069.1888093248,993128.0135996852,1014818.947050225,1674890.753071571,19.789249996634023,27.14160711587831,13.323029294644645,25.009899188175176,2.1591285906768936,1.9862515916768888,0.8686131775015763,17.544472620547882,75.09817537966545,71.24246473576795,14.351793284608014,1.1306662919815518,-12.487603744794168,1,0,185.10390383941345,1125.6349445640762
